Activity Date,Activity Type,Elapsed Time,Moving Time,Distance,Max Speed,Average Speed,Elevation Gain,Elevation Loss,Elevation Low,Elevation High,Max Grade,Average Grade,Average Watts,Activity ID
1999-08-22 00:08:54,Ride,670134907,7889.0,51.2,15.9,6.491,202.0,219.0,531.4,589.6,43.9,0.0,100.0,791
2020-09-13 00:15:29,Ride,16238,9175.0,48.86,13.8,5.325,360.1,360.1,566.4,685.6,25.0,0.0,75.0,790
2021-02-07 01:02:19,Ride,9969,6492.0,41.0,14.0,6.316,271.2,268.3,554.0,653.4,17.5,0.0,99.0,789
2021-02-09 02:19:19,Ride,4774,3636.0,22.42,19.0,6.166,93.2,95.0,554.3,600.8,16.7,0.0,114.0,788
2021-02-11 00:48:31,Ride,8089,5535.0,33.57,14.0,6.065,255.5,269.6,556.3,653.5,8.0,0.0,99.0,787
2021-02-12 11:54:20,Ride,1712,1626.0,8.52,17.1,5.245,47.4,60.4,555.2,601.2,8.8,-0.2,96.0,786
2021-02-13 00:27:52,Ride,26588,19942.0,137.45,15.3,6.893,785.4,767.5,555.5,652.2,7.9,0.0,107.0,785
2021-02-18 00:38:06,Ride,9764,9022.0,67.33,20.5,7.463,365.5,365.5,555.6,641.7,16.0,0.0,128.0,784
2021-02-19 00:34:40,Ride,8119,6752.0,37.0,13.3,5.48,251.3,234.0,555.5,653.5,19.5,0.0,82.0,783
2021-02-20 00:28:45,Ride,10925,8924.0,53.05,18.2,5.945,330.3,290.0,554.2,653.7,17.9,0.0,91.0,782
2021-02-21 00:24:44,Ride,229841934,9027.0,59.96,12.2,6.643,342.0,333.0,512.0,585.8,48.5,0.0,109.0,781
2021-02-23 01:10:02,Ride,7953,5366.0,22.6,13.3,4.213,127.5,126.0,554.2,614.0,18.0,0.0,53.0,780
2021-02-24 06:42:26,Ride,1293,1260.0,6.39,24.3,5.073,19.1,46.6,556.3,594.5,6.5,-0.4,97.0,779
2021-02-25 05:16:22,Ride,5991,3333.0,16.45,10.2,4.938,89.8,73.0,557.6,601.9,15.3,0.0,60.0,778
2021-03-11 00:44:58,Ride,4494,2736.0,15.6,10.9,5.703,136.2,104.4,551.4,638.2,15.3,0.2,103.0,777
2021-03-12 00:44:49,Ride,9563,7710.0,45.23,16.5,5.867,683.6,683.4,561.9,1043.3,19.6,0.0,113.0,776
2021-03-13 00:48:59,Ride,13867,9428.0,55.07,13.2,5.842,325.4,325.3,554.0,653.1,26.2,0.0,85.0,775
2021-03-13 11:45:25,Ride,828,809.0,4.39,13.4,5.428,12.7,57.4,555.2,600.8,21.4,-1.0,88.0,774
2021-03-13 13:12:07,Ride,78,74.0,0.34,11.6,4.585,0.0,-0.6,581.6,583.0,1.1,0.2,125.0,773
2021-03-14 01:26:03,Ride,11399,6387.0,39.8,11.9,6.232,182.8,191.2,536.6,591.0,18.5,0.0,96.0,772
2021-03-15 11:41:01,Ride,740,712.0,3.93,15.4,5.522,12.4,50.1,554.5,593.1,3.8,-1.0,100.0,771
2021-03-15 12:54:58,Ride,1586,1221.0,4.06,12.7,3.325,40.1,2.3,563.0,600.8,13.6,0.9,113.0,770
2021-03-16 00:46:11,Ride,9274,7315.0,43.03,21.2,5.883,302.2,300.4,556.1,653.4,23.2,0.0,88.0,769
2021-03-17 01:36:42,Ride,3253,2994.0,12.56,17.1,4.197,262.6,262.1,584.3,680.7,43.2,0.0,107.0,768
2021-03-18 00:42:35,Ride,9837,7312.0,41.6,12.3,5.69,288.4,289.4,555.5,653.4,14.9,0.0,85.0,767
2021-03-19 01:55:51,Ride,520,514.0,0.74,3.6,1.449,36.5,1.9,598.1,635.8,36.4,4.6,167.0,766
2021-03-19 12:07:08,Ride,5843,1992.0,8.43,11.8,4.235,46.0,43.0,585.2,624.4,16.3,-0.1,56.0,765
2021-03-20 00:54:55,Ride,10706,7356.0,48.59,16.3,6.606,237.2,280.6,559.0,608.4,29.0,-0.1,107.0,764
2021-03-21 00:25:25,Ride,12699,5414.0,30.46,13.4,5.627,188.8,193.8,571.4,619.2,33.8,0.0,86.0,763
2021-03-23 00:48:34,Ride,8873,5751.0,34.7,13.9,6.034,224.5,225.0,554.0,652.7,18.7,0.0,88.0,762
2021-03-24 12:00:42,Ride,957,876.0,4.59,12.6,5.239,4.8,49.1,553.9,598.2,4.1,-1.0,62.0,761
2021-03-25 00:35:39,Ride,9682,6464.0,38.45,14.8,5.948,232.8,242.0,554.0,652.3,21.4,0.0,83.0,760
2021-03-26 11:47:03,Ride,6648,1974.0,8.12,10.0,4.114,62.0,68.0,559.0,623.0,17.6,-0.1,53.0,759
2021-03-27 00:47:48,Ride,10434,7065.0,40.2,13.8,5.69,259.2,248.0,550.6,653.4,33.3,0.0,90.0,758
2021-03-28 00:33:08,Ride,11064,8657.0,55.78,11.8,6.444,315.9,376.0,555.8,600.8,20.4,0.0,95.0,757
2021-03-29 00:20:55,Ride,12091,10615.0,64.77,12.4,6.102,387.3,346.0,555.8,641.7,35.3,0.0,85.0,756
2021-04-01 00:10:50,Ride,11531,8909.0,51.91,14.5,5.828,326.6,319.9,554.2,653.5,18.3,0.0,87.0,755
2021-04-02 10:37:27,Ride,7711,1748.0,7.27,10.1,4.164,47.0,39.0,618.8,652.4,36.4,0.1,56.0,754
2021-04-03 00:33:43,Ride,21497,11401.0,69.04,12.3,6.056,433.0,381.0,555.8,641.7,37.0,0.0,92.0,753
2021-04-04 00:29:54,Ride,8624,5806.0,33.54,15.7,5.778,246.1,224.0,555.6,653.5,40.0,0.0,88.0,752
2021-04-29 04:55:06,Ride,1498,1379.0,6.81,7.0,4.94,41.4,8.8,553.8,588.6,15.5,0.5,76.0,751
2021-04-29 09:28:14,Ride,2160,2034.0,10.96,13.7,5.392,101.7,86.0,579.9,613.9,21.4,0.0,91.0,750
2021-04-30 01:22:18,Ride,3917,3356.0,16.57,12.4,4.938,121.1,106.0,554.9,613.9,17.3,0.0,70.0,749
2021-05-01 09:36:10,Ride,5638,2244.0,8.22,15.5,3.664,71.0,66.0,624.4,652.0,41.2,0.1,58.0,748
2021-05-03 09:45:24,Ride,5598,1389.0,5.69,8.6,4.096,79.0,74.0,617.4,671.4,48.2,0.2,83.0,747
2021-05-04 00:38:05,Ride,8874,7284.0,42.21,13.0,5.795,309.0,286.0,539.1,653.4,18.3,0.0,91.0,746
2021-05-05 10:13:40,Ride,4641,2385.0,9.7,9.2,4.07,74.2,60.0,578.9,599.0,36.0,0.0,63.0,745
2021-05-06 00:20:06,Ride,10550,7887.0,46.0,11.5,5.833,291.0,290.0,580.8,671.4,48.3,0.0,90.0,744
2021-05-09 23:55:00,Ride,12498,10677.0,72.96,14.4,6.834,501.1,467.0,556.3,645.3,17.9,0.0,118.0,743
2021-05-11 00:25:02,Ride,9275,6201.0,36.35,12.9,5.862,255.2,244.0,555.6,652.7,49.4,0.0,87.0,742
2021-05-13 05:10:38,Ride,5231,2643.0,12.01,12.5,4.547,61.0,85.0,590.8,636.8,25.7,0.1,61.0,741
2021-05-13 06:37:49,Ride,62956,420.0,2.5,12.5,5.959,23.6,31.8,628.6,653.6,10.8,-0.3,66.0,740
2021-05-14 00:08:13,Ride,7694,6876.0,41.46,12.0,6.031,290.7,241.0,556.2,652.7,18.0,0.1,94.0,739
2021-05-17 23:59:01,Ride,14519,9784.0,56.1,12.5,5.734,328.3,326.0,554.2,653.4,35.7,0.0,81.0,738
2021-05-20 00:19:08,Ride,15008,10199.0,65.84,14.3,6.456,373.1,364.0,555.8,618.4,30.6,0.0,100.0,737
2021-05-21 00:04:47,Ride,12208,9791.0,56.95,14.7,5.817,339.0,407.0,524.2,625.0,29.0,-0.1,90.0,736
2021-05-22 11:49:08,Ride,3951,3462.0,14.85,13.6,4.291,188.5,156.0,579.9,679.9,25.6,0.0,83.0,735
2021-05-23 23:59:40,Ride,8469,7830.0,53.74,13.4,6.864,361.0,327.0,570.6,657.0,38.5,0.1,124.0,734
2021-05-24 04:21:58,Ride,2770,1533.0,8.25,8.9,5.387,47.1,50.0,556.1,604.0,19.1,0.0,76.0,733
2021-05-26 00:06:19,Ride,11811,9659.0,63.28,14.5,6.552,400.6,400.0,555.6,645.3,25.3,0.0,103.0,732
2021-05-26 23:23:13,Ride,16134,10857.0,68.99,14.2,6.355,385.6,366.0,555.7,643.9,18.5,0.0,99.0,731
2021-05-28 02:12:07,Ride,2658,1792.0,8.64,8.9,4.824,52.4,57.4,579.9,601.0,9.0,-0.1,80.0,730
2021-05-29 00:35:59,Ride,14600,10574.0,72.99,14.2,6.903,409.0,402.0,555.8,643.6,23.5,0.0,111.0,729
2021-05-31 00:07:10,Ride,11252,7764.0,44.71,12.8,5.759,273.4,286.0,556.1,653.4,27.4,0.0,85.0,728
2021-05-31 23:31:30,Ride,3461,3097.0,19.7,11.8,6.362,157.6,91.0,553.3,652.6,17.5,0.3,112.0,727
2021-06-04 23:46:29,Ride,20290,14530.0,105.57,14.7,7.266,657.4,626.0,555.7,645.3,32.3,0.0,126.0,726
2021-06-06 01:19:46,Ride,11361,5828.0,35.65,11.4,6.117,218.0,224.0,562.4,668.2,39.2,0.0,96.0,725
2021-06-07 23:47:48,Ride,13067,9809.0,58.92,13.4,6.007,712.0,346.0,251.8,683.0,9.4,0.6,96.0,724
2021-06-09 23:42:41,Ride,13409,10410.0,61.29,12.7,5.888,437.7,375.0,545.3,653.4,20.0,0.0,90.0,723
2021-06-11 01:16:01,Ride,617,596.0,3.77,12.1,6.336,12.5,47.9,560.5,595.9,4.2,-0.9,69.0,722
2021-06-11 23:39:35,Ride,8257,6066.0,34.96,12.5,5.764,177.0,179.0,616.8,671.8,16.2,0.0,82.0,721
2021-06-12 01:57:22,Ride,8766,2928.0,11.96,9.7,4.085,106.0,105.0,641.2,699.0,49.4,0.0,66.0,720
2021-06-15 00:24:36,Ride,7240,6338.0,43.11,12.9,6.802,220.0,234.0,555.6,596.9,17.1,0.0,99.0,719
2021-06-15 02:44:03,Ride,2845,2408.0,12.35,11.8,5.128,87.0,65.0,611.0,650.6,24.4,0.2,81.0,718
2021-06-27 00:09:27,Ride,5433,5221.0,36.79,10.0,7.046,23.9,24.2,2.4,16.1,6.4,0.0,188.0,717
2021-06-30 00:10:32,Ride,5389,4945.0,31.94,15.9,6.459,29.8,30.2,3.1,15.5,8.0,0.0,163.0,716
2021-07-01 00:19:58,Ride,6310,5868.0,36.64,9.9,6.245,35.8,35.7,3.1,16.1,6.8,0.0,160.0,715
2021-07-03 00:01:20,Ride,9398,8009.0,59.48,11.0,7.427,38.4,38.7,2.5,16.1,6.0,0.0,198.0,714
2021-07-04 00:05:32,Ride,7042,6364.0,41.42,10.0,6.51,35.4,35.3,2.4,16.1,6.3,0.0,166.0,713
2021-07-05 00:13:42,Ride,4449,4309.0,24.5,10.1,5.686,28.9,26.6,5.1,16.1,6.6,0.0,71.0,712
2021-07-14 00:46:06,Ride,8271,6906.0,39.12,12.0,5.665,208.5,216.0,550.3,623.4,42.1,0.0,74.0,711
2021-07-15 00:20:32,Ride,13092,8118.0,44.6,12.5,5.494,294.3,299.2,554.2,653.4,9.7,0.0,101.0,710
2021-07-17 00:27:56,Ride,14529,8691.0,54.84,12.1,6.311,243.0,254.0,590.4,644.0,44.0,0.0,101.0,709
2021-07-18 00:45:11,Ride,12234,6925.0,41.05,13.9,5.928,252.0,237.0,608.2,702.2,40.8,0.0,93.0,708
2021-07-23 00:40:04,Ride,8054,6192.0,39.56,11.8,6.389,170.0,162.0,635.0,684.0,19.8,0.0,158.0,707
2021-08-01 00:13:25,Ride,8246,6885.0,45.33,11.3,6.585,183.0,220.0,549.4,599.0,9.8,-0.1,89.0,706
2021-08-02 00:36:01,Ride,9764,7913.0,49.72,13.8,6.283,293.5,302.0,555.7,604.0,10.9,0.0,91.0,705
2021-08-02 08:14:30,Ride,842,782.0,3.97,12.2,5.075,6.0,44.0,560.5,601.6,18.2,-1.0,85.0,704
2021-08-02 09:36:28,Ride,1061,965.0,3.81,6.7,3.955,42.7,6.0,560.5,600.4,12.5,1.0,120.0,703
2021-08-04 05:07:01,Ride,2327,1253.0,5.85,9.9,4.675,42.0,43.0,582.0,603.6,23.0,0.0,110.0,702
2021-08-05 02:20:44,Ride,2657,1806.0,9.29,10.5,5.147,55.0,63.0,578.6,615.8,10.4,0.0,124.0,701
2021-08-06 08:12:19,Ride,854,820.0,4.06,10.7,4.955,13.0,47.0,571.0,609.6,7.2,-0.8,84.0,700
2021-08-06 09:32:29,Ride,1488,1120.0,4.36,6.7,3.898,43.0,8.0,570.4,608.0,6.2,0.9,112.0,699
2021-08-07 00:13:43,Ride,16064,12049.0,86.63,12.8,7.19,327.2,351.0,538.3,598.6,13.2,0.0,113.0,698
2021-08-10 00:11:17,Ride,7975,5883.0,41.44,13.9,7.044,239.0,280.0,558.6,622.8,9.9,-0.1,109.0,697
2021-08-10 03:31:06,Ride,1275,1186.0,6.69,9.1,5.644,43.0,17.0,563.6,603.2,4.8,0.4,91.0,696
2021-08-11 11:26:05,Ride,740,740.0,3.98,11.0,5.378,8.0,44.0,559.4,597.6,5.0,-0.9,90.0,695
2021-08-11 12:33:36,Ride,1337,1086.0,4.83,7.9,4.452,39.0,9.0,577.0,612.4,8.2,0.7,129.0,694
2021-08-12 00:15:19,Ride,6885,6247.0,39.62,11.4,6.343,158.0,201.0,551.0,605.4,15.9,-0.1,148.0,693
2021-08-12 02:23:00,Ride,622,603.0,3.45,8.8,5.733,14.0,23.0,564.4,583.0,31.0,-0.2,124.0,692
2021-08-13 11:22:30,Ride,800,785.0,4.11,12.3,5.237,11.0,47.0,559.2,595.4,13.4,-0.8,86.0,691
2021-08-13 12:40:43,Ride,1331,1299.0,5.27,6.8,4.063,48.0,10.0,576.8,617.2,6.6,0.7,107.0,690
2021-08-14 00:11:59,Ride,18041,11166.0,74.24,11.7,6.649,424.0,440.0,552.2,634.2,20.8,0.0,101.0,689
2021-08-15 01:44:09,Ride,7856,3020.0,15.81,9.8,5.236,82.0,86.0,561.0,603.8,20.3,0.0,118.0,688
2021-08-16 00:47:03,Ride,7741,4445.0,19.96,9.7,4.49,95.0,107.0,559.8,606.8,23.2,-0.1,90.0,687
2021-08-16 06:14:01,Ride,1339,982.0,4.96,11.1,5.055,21.0,51.0,566.8,606.6,7.8,-0.6,96.0,686
2021-08-16 09:26:46,Ride,1825,1431.0,6.54,8.2,4.572,68.0,34.0,569.4,629.0,20.3,0.6,126.0,685
2021-08-16 11:25:41,Ride,862,821.0,3.99,11.8,4.859,8.0,45.0,560.8,598.6,6.5,-0.9,72.0,684
2021-08-16 12:37:07,Ride,1586,1186.0,4.34,7.5,3.662,41.0,14.0,577.2,610.6,13.7,0.7,100.0,683
2021-08-17 00:11:54,Ride,11133,8555.0,52.25,12.5,6.107,291.0,337.0,552.0,618.6,11.4,-0.1,81.0,682
2021-08-17 03:23:18,Ride,1106,1072.0,4.86,6.5,4.535,41.0,5.0,566.2,603.0,4.4,0.8,70.0,681
2021-08-18 00:16:50,Ride,7888,6253.0,37.38,10.5,5.978,184.0,221.0,554.8,606.2,5.8,-0.1,135.0,680
2021-08-18 02:46:56,Ride,4053,2263.0,9.84,8.2,4.349,77.0,46.0,554.2,608.4,22.7,0.3,111.0,679
2021-08-18 08:31:52,Ride,1210,721.0,3.04,9.3,4.225,32.0,30.0,586.8,604.0,16.3,0.1,99.0,678
2021-08-18 11:18:54,Ride,773,773.0,3.92,9.5,5.074,10.0,44.0,560.8,597.4,6.0,-0.9,84.0,677
2021-08-18 12:21:12,Ride,2568,1027.0,4.59,8.4,4.478,55.0,21.0,577.0,627.8,33.5,0.8,86.0,676
2021-08-19 00:24:08,Ride,8464,6582.0,36.08,13.1,5.482,202.0,254.0,554.2,643.6,13.4,-0.1,121.0,675
2021-08-19 03:35:40,Ride,883,867.0,4.05,8.1,4.68,40.0,6.0,576.6,613.4,10.6,0.9,87.0,674
2021-08-19 14:06:25,Ride,3419,2725.0,13.37,9.3,4.908,75.0,83.0,568.0,611.2,10.5,-0.1,112.0,673
2021-08-20 00:07:53,Ride,6011,4373.0,20.74,9.2,4.744,121.0,131.0,561.2,622.4,13.0,0.0,100.0,672
2021-08-21 00:39:44,Ride,12023,6380.0,33.96,11.4,5.323,224.0,269.0,546.4,658.0,12.3,-0.2,120.0,671
2021-08-21 05:17:04,Ride,1205,1071.0,3.91,6.8,3.655,40.0,7.0,571.0,613.0,20.9,1.0,64.0,670
2021-08-21 06:28:10,Ride,3159,2811.0,14.92,9.9,5.308,73.0,95.0,560.8,607.6,17.3,-0.1,111.0,669
2021-08-23 00:13:44,Ride,9279,7365.0,53.08,16.1,7.207,317.0,358.0,560.0,653.2,9.8,-0.1,115.0,668
2021-08-23 03:02:17,Ride,1112,1095.0,5.5,8.2,5.027,48.0,19.0,564.0,604.6,10.8,0.6,81.0,667
2021-08-23 11:20:48,Ride,897,789.0,3.95,12.1,5.012,8.0,43.0,562.6,597.6,4.5,-0.9,41.0,666
2021-08-23 12:25:35,Ride,1481,1118.0,4.28,7.4,3.833,42.0,8.0,575.4,609.6,10.9,0.8,67.0,665
2021-08-24 01:05:10,Ride,8682,5669.0,33.83,11.7,5.968,194.0,196.0,560.8,631.0,19.4,0.0,80.0,664
2021-08-25 11:14:36,Ride,833,757.0,4.08,12.1,5.394,12.0,43.0,558.6,598.2,28.9,-0.8,46.0,663
2021-08-25 12:36:13,Ride,1364,1135.0,4.46,7.1,3.929,47.0,11.0,576.2,617.0,7.1,0.8,69.0,662
2021-08-26 10:16:07,Ride,4486,2622.0,12.31,8.8,4.695,79.0,80.0,566.6,623.4,25.4,0.0,107.0,661
2021-08-27 00:07:46,Ride,8087,6073.0,32.68,13.8,5.381,164.0,172.0,557.6,613.4,11.8,0.0,71.0,660
2021-08-27 11:03:56,Ride,897,833.0,3.95,10.6,4.751,10.0,43.0,561.0,599.0,48.6,-0.9,78.0,659
2021-08-27 12:11:18,Ride,1057,984.0,4.1,7.0,4.17,40.0,5.0,577.0,615.6,10.3,0.9,118.0,658
2021-08-27 23:43:35,Ride,18653,12693.0,76.05,13.5,5.991,538.0,557.0,547.6,654.0,13.8,0.0,87.0,657
2021-08-28 09:37:47,Ride,1428,1247.0,6.99,11.7,5.605,32.0,54.0,562.2,599.8,5.9,-0.3,67.0,656
2021-08-29 08:02:59,Ride,1606,1505.0,7.72,8.9,5.133,53.0,28.0,580.6,621.4,12.1,0.2,75.0,655
2021-08-29 23:57:55,Ride,15464,11353.0,68.06,15.3,5.995,393.0,407.0,538.8,644.8,12.2,0.0,83.0,654
2021-08-30 11:14:24,Ride,969,825.0,4.15,11.9,5.03,7.0,44.0,565.8,602.6,4.9,-0.9,81.0,653
2021-08-30 12:50:25,Ride,1314,1156.0,4.37,7.2,3.787,35.0,6.0,578.0,612.0,23.5,0.8,103.0,652
2021-08-31 09:00:58,Ride,9247,7687.0,43.21,11.8,5.621,221.0,234.0,555.4,603.2,16.7,0.0,129.0,651
2021-09-01 11:10:24,Ride,712,688.0,3.92,9.8,5.696,8.0,42.0,561.6,595.2,4.3,-0.9,46.0,650
2021-09-01 12:29:14,Ride,2653,981.0,4.55,7.7,4.645,39.0,6.0,574.8,606.8,22.9,0.7,82.0,649
2021-09-01 14:01:35,Ride,4095,2326.0,10.05,12.4,4.32,73.0,80.0,560.6,613.4,35.3,0.0,61.0,648
2021-09-02 11:53:14,Ride,1314,1314.0,6.91,11.8,5.26,29.0,48.0,559.8,594.6,4.9,-0.3,61.0,647
2021-09-03 11:23:56,Ride,847,717.0,4.16,11.6,5.803,9.0,45.0,564.0,601.8,19.6,-0.8,51.0,646
2021-09-03 12:26:38,Ride,1037,1007.0,4.19,7.5,4.165,41.0,7.0,567.4,603.2,8.8,0.9,72.0,645
2021-09-06 11:13:46,Ride,1023,926.0,4.66,12.0,5.037,11.0,49.0,561.8,599.2,20.0,-0.8,45.0,644
2021-09-06 12:30:17,Ride,1270,1128.0,4.72,8.9,4.192,39.0,9.0,575.6,608.4,11.4,0.7,70.0,643
2021-09-08 11:03:39,Ride,782,739.0,4.19,12.1,5.67,11.0,46.0,562.6,599.2,5.3,-0.9,55.0,642
2021-09-08 12:35:35,Ride,1380,1062.0,4.2,7.4,3.955,40.0,10.0,576.4,611.2,12.5,0.8,71.0,641
2021-09-10 00:13:19,Ride,15556,11291.0,72.37,11.9,6.409,411.0,433.0,544.0,620.0,18.5,0.0,155.0,640
2021-09-11 00:08:22,Ride,10207,5263.0,27.31,10.4,5.189,134.0,144.0,553.0,597.2,9.4,0.0,117.0,639
2021-09-11 03:16:27,Ride,2944,530.0,1.78,6.5,3.372,19.0,23.0,592.6,611.2,15.2,-0.2,54.0,638
2021-09-13 00:48:04,Ride,13528,6271.0,29.17,10.8,4.652,172.0,191.0,545.6,614.2,42.1,0.0,106.0,637
2021-09-14 02:49:09,Ride,8032,5533.0,31.74,11.8,5.736,217.0,233.0,550.4,642.2,29.8,0.0,139.0,636
2021-09-14 10:14:56,Ride,738,738.0,4.13,12.1,5.607,8.0,46.0,560.6,599.0,4.3,-0.9,90.0,635
2021-09-14 11:59:56,Ride,1287,1014.0,4.21,6.1,4.157,37.0,7.0,577.4,610.4,8.9,0.8,112.0,634
2021-09-15 00:25:10,Ride,9958,6430.0,38.48,12.6,5.985,262.0,300.0,551.4,650.8,14.5,-0.1,81.0,633
2021-09-15 03:23:25,Ride,1238,1221.0,6.14,8.0,5.033,47.0,16.0,557.2,598.2,14.8,0.5,77.0,632
2021-09-15 11:15:36,Ride,903,807.0,4.19,11.8,5.193,9.0,44.0,561.4,598.8,20.0,-0.8,79.0,631
2021-09-15 12:37:09,Ride,984,884.0,4.05,8.1,4.586,41.0,6.0,576.6,612.8,37.5,0.9,132.0,630
2021-09-16 02:35:29,Ride,651,651.0,4.05,11.4,6.235,12.0,51.0,559.6,599.2,9.4,-1.0,109.0,629
2021-09-16 03:01:41,Ride,3835,1469.0,7.26,9.4,4.943,64.0,31.0,576.4,623.2,12.5,0.5,133.0,628
2021-09-17 11:29:43,Ride,711,681.0,3.98,12.3,5.854,6.0,45.0,561.2,599.2,5.8,-1.0,96.0,627
2021-09-17 12:39:57,Ride,1336,1002.0,3.92,7.8,3.912,38.0,6.0,576.6,612.2,15.1,0.9,113.0,626
2021-09-17 23:29:42,Ride,15420,11018.0,64.34,13.1,5.84,457.0,472.0,545.2,660.2,12.0,-0.1,80.0,625
2021-09-24 10:50:14,Ride,2356,993.0,5.09,11.3,5.126,33.0,61.0,575.6,627.4,21.7,-0.4,103.0,624
2021-09-24 12:23:26,Ride,1195,836.0,3.88,8.3,4.64,38.0,4.0,573.6,613.0,15.5,1.0,133.0,623
2021-09-24 23:12:42,Ride,4743,3281.0,20.53,16.0,6.26,154.0,152.0,572.2,660.8,19.0,0.0,91.0,622
2021-09-25 01:45:15,Ride,7473,4124.0,23.45,13.6,5.686,128.0,167.0,555.8,604.2,29.3,-0.2,130.0,621
2021-09-26 00:27:04,Ride,11973,8365.0,42.5,13.9,5.081,280.0,292.0,546.4,656.2,15.1,-0.1,132.0,620
2021-09-27 12:16:29,Ride,775,723.0,3.92,11.7,5.43,8.0,44.0,563.2,602.4,14.3,-0.9,86.0,619
2021-09-27 13:22:25,Ride,976,976.0,4.11,7.0,4.219,40.0,8.0,573.4,611.0,35.6,0.9,122.0,618
2021-09-28 09:26:05,Ride,1202,1141.0,6.55,11.8,5.742,27.0,56.0,558.6,597.0,43.3,0.2,119.0,617
2021-09-29 00:41:22,Ride,13505,10480.0,66.5,14.2,6.346,450.0,466.0,539.4,647.0,19.4,-0.1,95.0,616
2021-09-30 00:37:55,Ride,7322,5807.0,35.27,12.9,6.074,234.0,278.0,553.6,649.6,9.6,-0.1,83.0,615
2021-09-30 03:17:46,Ride,1210,1179.0,6.18,8.5,5.248,49.0,17.0,567.6,608.8,39.0,0.5,83.0,614
2021-10-02 12:04:36,Ride,3223,2817.0,13.79,12.1,4.896,61.0,68.0,558.6,622.0,18.4,-0.2,57.0,613
2021-10-03 01:49:09,Ride,7198,3392.0,19.62,13.4,5.784,133.0,136.0,548.2,616.0,9.7,-0.1,82.0,612
2021-10-04 00:46:37,Ride,10385,6393.0,36.38,13.6,5.691,240.0,254.0,554.8,663.6,25.2,-0.1,78.0,611
2021-10-05 10:05:55,Ride,1099,681.0,3.78,11.6,5.55,19.0,37.0,575.8,605.2,40.9,-0.6,55.0,610
2021-10-05 11:54:45,Ride,1197,1019.0,4.66,8.2,4.577,46.0,13.0,572.0,612.2,42.4,0.9,79.0,609
2021-10-06 00:45:39,Ride,9289,6759.0,41.01,17.2,6.069,275.0,280.0,553.4,654.4,35.4,0.0,90.0,608
2021-10-07 05:34:19,Ride,1803,1495.0,8.11,9.3,5.429,50.0,60.0,568.4,618.6,48.2,-0.1,126.0,607
2021-10-07 08:42:04,Ride,1817,1713.0,8.2,8.1,4.791,50.0,35.0,577.8,616.6,35.5,0.3,114.0,606
2021-10-08 13:43:15,Ride,2562,1595.0,7.1,9.7,4.453,40.0,48.0,580.4,612.8,6.3,-0.3,52.0,605
2021-10-08 23:14:52,Ride,25563,17748.0,131.12,16.0,7.388,781.8,822.0,554.9,652.4,35.6,0.0,133.0,604
2021-10-10 02:35:43,Ride,3519,2472.0,11.58,8.0,4.685,64.0,65.0,555.4,609.6,18.7,-0.1,100.0,603
2021-10-10 23:57:11,Ride,9132,7866.0,47.53,13.5,6.043,237.0,241.0,557.8,613.0,15.2,0.0,77.0,602
2021-10-12 05:33:45,Ride,1372,1346.0,8.65,10.1,6.429,49.0,51.0,563.2,605.6,19.5,-0.1,161.0,601
2021-10-12 07:44:16,Ride,1902,1543.0,7.87,8.5,5.1,47.0,36.0,571.8,610.2,21.8,0.1,123.0,600
2021-10-12 10:20:01,Ride,800,740.0,3.96,10.3,5.356,9.0,42.0,567.4,603.0,8.0,-0.9,85.0,599
2021-10-12 11:29:28,Ride,1155,1038.0,4.45,7.0,4.294,51.0,8.0,570.0,624.8,14.7,1.2,116.0,598
2021-10-13 00:03:48,Ride,13977,8634.0,51.79,12.4,5.999,338.0,351.0,538.8,648.4,28.6,-0.1,86.0,597
2021-10-13 05:36:51,Ride,124,124.0,0.81,7.8,6.534,0.0,15.0,586.2,600.6,12.1,-1.6,73.0,596
2021-10-13 05:40:13,Ride,1396,1224.0,6.95,9.7,5.678,44.0,33.0,569.2,604.0,22.7,0.1,147.0,595
2021-10-13 08:32:27,Ride,394,261.0,1.95,10.0,7.482,8.0,14.0,587.4,601.4,15.8,-0.5,202.0,594
2021-10-13 09:08:48,Ride,1091,1070.0,5.42,8.7,5.072,32.0,19.0,582.0,609.8,18.6,0.4,127.0,593
2021-10-14 02:44:29,Ride,749,749.0,4.03,11.5,5.387,6.7,52.1,555.7,601.1,7.6,-1.1,59.0,592
2021-10-14 05:12:29,Ride,1584,1391.0,8.09,9.4,5.816,42.0,45.0,561.0,604.0,38.5,-0.1,79.0,591
2021-10-14 08:05:05,Ride,1888,1618.0,8.11,10.5,5.018,53.0,37.0,579.0,616.8,42.4,0.3,69.0,590
2021-10-14 10:28:29,Ride,784,750.0,3.98,11.9,5.315,7.0,47.0,562.0,601.0,13.1,-1.0,43.0,589
2021-10-14 11:52:06,Ride,1595,1159.0,4.45,6.4,3.844,44.0,7.0,572.6,630.4,12.5,1.3,66.0,588
2021-10-15 23:17:42,Ride,21221,14171.0,103.85,14.9,7.329,719.0,696.0,546.0,659.6,45.9,0.0,126.0,587
2021-10-17 23:56:06,Ride,11794,7156.0,41.04,14.1,5.735,282.0,284.0,545.0,654.8,9.2,0.0,78.0,586
2021-10-18 12:04:11,Ride,1831,1256.0,6.08,8.7,4.846,36.0,29.0,586.8,609.2,20.6,0.0,118.0,585
2021-10-18 13:35:21,Ride,4641,2913.0,12.47,15.4,4.28,152.0,163.0,584.2,677.8,29.1,0.0,117.0,584
2021-10-19 05:01:55,Ride,1657,1544.0,8.86,11.3,5.74,64.0,59.0,570.8,607.8,31.9,0.0,142.0,583
2021-10-19 10:18:45,Ride,1025,977.0,5.23,9.3,5.357,15.0,35.0,570.2,600.4,11.2,-0.5,106.0,582
2021-10-19 11:44:38,Ride,903,847.0,3.81,7.8,4.497,40.0,6.0,574.4,611.2,30.0,1.0,131.0,581
2021-10-19 13:44:51,Ride,4128,1793.0,8.41,8.68,4.694,77.0,87.0,582.0,639.6,46.1,-0.1,76.0,580
2021-10-20 00:24:32,Ride,8020,6185.0,49.25,16.452,7.964,248.0,287.0,557.4,628.6,12.9,0.0,135.0,579
2021-10-20 03:27:32,Ride,1222,1100.0,6.23,8.846,5.669,60.0,17.0,574.2,618.8,16.3,0.7,94.0,578
2021-10-20 05:38:15,Ride,1979,1681.0,8.9,9.772,5.296,43.0,54.0,559.4,596.6,22.1,0.0,125.0,577
2021-10-20 08:19:48,Ride,2821,1777.0,8.82,8.293,4.967,54.0,43.0,570.4,613.8,11.6,0.0,115.0,576
2021-10-23 00:27:30,Ride,12110,8174.0,50.48,14.528,6.176,323.0,339.0,543.0,598.4,32.3,0.0,86.0,575
2021-10-23 10:14:14,Ride,1858,687.0,4.13,10.312,6.02,20.0,44.0,578.2,619.0,10.0,-1.0,108.0,574
2021-10-23 11:46:47,Ride,2773,986.0,4.53,7.313,4.595,38.0,5.0,575.6,608.6,9.6,0.7,131.0,573
2021-10-24 00:07:30,Ride,12123,8318.0,63.09,14.818,7.586,414.0,437.0,577.8,676.0,20.8,0.0,134.0,572
2021-10-25 10:31:33,Ride,923,762.0,4.24,11.418,5.568,11.0,48.0,560.4,602.4,27.7,-0.9,91.0,571
2021-10-25 11:50:21,Ride,1245,843.0,3.63,6.548,4.313,29.0,6.0,576.4,613.6,45.1,1.0,74.0,570
2021-10-26 00:31:19,Ride,10508,6200.0,35.77,13.416,5.77,251.0,263.0,545.2,653.0,28.0,0.0,135.0,569
2021-10-27 05:15:30,Ride,2338,2022.0,10.0,11.876,4.949,60.0,54.0,573.6,614.8,12.8,-0.1,120.0,568
2021-10-27 08:22:59,Ride,3444,1624.0,8.53,9.737,5.257,52.0,36.0,575.6,617.0,48.6,0.2,134.0,567
2021-10-28 02:24:10,Ride,1012,721.0,4.15,11.53,5.759,13.0,48.0,563.8,601.6,5.1,-0.9,56.0,566
2021-10-28 03:06:22,Ride,1485,1248.0,6.71,9.792,5.381,60.0,23.0,572.4,616.0,24.6,0.6,92.0,565
2021-10-28 05:18:57,Ride,1515,1436.0,8.16,9.062,5.688,53.0,49.0,574.0,609.0,13.8,-0.1,131.0,564
2021-10-28 09:06:21,Ride,1453,1427.0,8.06,10.152,5.651,50.0,36.0,574.8,611.0,6.2,0.2,79.0,563
2021-10-29 00:51:09,Ride,8272,5413.0,33.76,11.236,6.238,245.0,231.0,564.6,676.8,34.5,0.1,94.0,562
2021-10-29 10:15:37,Ride,896,746.0,4.07,11.059,5.463,10.4,132.0,557.0,599.3,5.2,-1.0,50.0,561
2021-10-29 11:41:31,Ride,931,892.0,3.8,6.44,4.264,43.5,57.0,556.6,593.2,30.5,1.0,84.0,560
2021-10-30 00:28:49,Ride,25892,17916.0,104.8,17.742,5.85,1363.0,737.0,584.8,1253.8,41.7,0.6,123.0,559
2021-10-31 02:04:06,Ride,7876,5272.0,26.17,10.752,4.965,156.0,498.0,554.2,599.8,7.7,0.0,107.0,558
2021-11-01 00:36:49,Ride,10323,6954.0,40.73,12.436,5.858,292.0,303.0,540.0,648.8,12.6,-0.1,83.0,557
2021-11-02 00:33:37,Ride,11170,8385.0,53.65,15.114,6.399,283.0,298.0,539.8,620.6,10.1,-0.1,103.0,556
2021-11-08 00:35:07,Ride,10006,7244.0,42.55,12.684,5.875,303.0,316.0,548.8,661.8,49.7,-0.1,142.0,555
2021-11-10 13:55:47,Ride,3665,3353.0,19.05,11.26,5.682,97.5,336.0,554.9,596.7,11.1,0.0,76.0,554
2021-11-11 00:38:07,Ride,9616,6356.0,43.22,11.992,6.8,228.0,277.0,546.8,604.4,13.2,-0.1,108.0,553
2021-11-11 03:37:30,Ride,625,441.0,2.47,8.296,5.614,6.0,9.0,577.0,583.8,37.7,0.1,67.0,552
2021-11-11 05:19:15,Ride,1078,1026.0,5.09,6.92,4.961,64.0,10.0,565.8,633.4,19.1,1.3,93.0,551
2021-11-11 10:09:38,Ride,606,581.0,3.16,11.624,5.45,8.5,105.0,557.6,587.9,8.3,-0.8,109.0,550
2021-11-11 11:21:58,Ride,1441,987.0,3.82,6.197,3.876,45.5,60.0,559.8,601.0,10.4,1.0,116.0,549
2021-11-13 00:32:44,Ride,11308,7344.0,48.6,14.434,6.618,291.0,306.0,542.2,605.2,14.9,0.0,97.0,548
2021-11-13 10:16:18,Ride,741,741.0,3.98,10.11,5.372,11.5,165.0,555.9,597.6,8.9,-1.0,93.0,547
2021-11-13 11:22:28,Ride,1059,1042.0,4.14,7.488,3.975,50.4,80.0,558.8,600.6,11.0,0.9,118.0,546
2021-11-14 01:22:26,Ride,15993,14373.0,104.29,17.23,7.256,606.6,617.0,560.0,652.4,47.5,0.0,122.0,545
2021-11-16 05:26:00,Ride,1396,1378.0,8.07,9.607,5.859,39.5,133.0,557.0,599.9,27.5,-0.2,128.0,544
2021-11-16 08:07:05,Ride,1032,978.0,4.97,9.352,5.086,11.5,98.0,556.1,586.7,4.4,-0.5,93.0,543
2021-11-17 05:47:04,Ride,1413,1382.0,7.74,8.453,5.607,34.6,129.0,557.0,591.7,13.3,-0.1,66.0,542
2021-11-17 07:03:12,Ride,3762,1883.0,9.91,9.374,5.263,60.3,136.0,555.8,599.8,7.3,0.2,74.0,541
2021-11-18 00:35:11,Ride,7466,5502.0,41.68,14.092,7.576,241.0,262.0,570.0,617.6,38.2,-0.1,129.0,540
2021-11-18 02:40:09,Ride,2429,1110.0,6.21,8.198,5.599,49.0,17.0,563.4,603.4,10.1,0.3,91.0,539
2021-11-18 05:25:48,Ride,1431,1282.0,7.87,10.04,6.146,39.5,134.0,557.0,593.9,14.9,-0.1,142.0,538
2021-11-18 08:23:05,Ride,1842,1555.0,7.26,8.972,4.671,47.9,72.0,559.9,600.4,7.8,0.2,110.0,537
2021-11-18 10:16:08,Ride,598,598.0,3.03,9.019,5.073,6.6,48.0,560.9,588.0,23.6,-0.9,85.0,536
2021-11-18 11:39:15,Ride,1428,1162.0,4.81,6.996,4.145,49.5,69.0,558.9,599.5,16.4,0.8,123.0,535
2021-11-19 23:44:04,Ride,17856,11705.0,65.12,18.874,5.564,660.0,681.0,562.8,866.4,20.4,0.0,92.0,534
2021-11-20 10:15:29,Ride,971,731.0,3.85,11.018,5.272,6.6,160.0,557.5,598.9,5.1,-1.1,91.0,533
2021-11-20 12:32:04,Ride,893,845.0,3.96,9.166,4.694,42.5,75.0,559.8,600.5,7.8,1.0,145.0,532
2021-11-22 07:36:01,Ride,1521,1422.0,8.17,9.173,5.746,39.9,152.0,557.0,595.3,40.0,-0.1,130.0,531
2021-11-22 11:03:09,Ride,1500,1239.0,7.54,10.328,6.091,50.4,51.0,559.9,600.9,10.4,0.2,163.0,530
2021-11-24 00:30:43,Ride,10454,7574.0,46.47,12.211,6.136,282.0,298.0,545.8,612.8,10.6,-0.1,86.0,529
2021-11-25 10:04:42,Ride,1234,746.0,4.0,11.159,5.369,11.2,187.0,556.2,595.1,18.3,-0.9,99.0,528
2021-11-26 07:51:53,Ride,1989,1490.0,7.92,10.081,5.317,46.2,135.0,557.0,596.8,9.4,-0.1,120.0,527
2021-11-26 10:24:07,Ride,4276,2323.0,11.58,8.099,4.987,61.8,157.0,554.5,600.9,7.1,0.1,113.0,526
2021-11-27 07:50:39,Ride,1537,1513.0,7.75,11.204,5.127,46.7,135.0,554.9,595.3,7.0,-0.1,69.0,525
2021-11-27 10:57:25,Ride,2089,1563.0,8.56,9.798,5.481,35.9,182.0,555.8,594.0,10.4,-0.3,114.0,524
2021-11-28 00:48:41,Ride,11250,6661.0,36.57,12.906,5.491,246.0,250.0,556.6,667.4,36.0,0.0,89.0,523
2021-11-29 07:44:04,Ride,2158,1718.0,9.06,11.35,5.276,44.5,122.0,554.9,595.9,10.2,-0.1,69.0,522
2021-11-29 10:18:40,Ride,263,263.0,1.81,11.065,6.897,3.6,54.0,570.1,586.7,3.8,-0.7,150.0,521
2021-11-29 10:25:37,Ride,2489,1846.0,9.6,9.556,5.203,65.1,202.0,554.2,599.7,8.7,0.3,133.0,520
2021-11-30 00:36:27,Ride,10276,7094.0,46.65,15.578,6.576,305.0,322.0,564.0,620.8,8.4,0.0,172.0,519
2021-11-30 10:18:20,Ride,610,561.0,2.97,10.391,5.308,6.5,78.0,560.9,587.8,5.4,-0.8,50.0,518
2021-11-30 11:43:51,Ride,1179,843.0,4.11,9.846,4.877,50.9,39.0,559.1,601.3,14.8,1.0,109.0,517
2021-12-01 00:38:28,Ride,10972,5633.0,33.44,12.534,5.937,211.0,211.0,555.4,671.2,37.5,-0.1,142.0,516
2021-12-08 00:50:22,Ride,8419,6847.0,39.1,10.763,5.71,185.9,512.0,548.9,601.0,7.7,0.1,130.0,515
2021-12-09 00:38:21,Ride,7491,5386.0,40.66,13.548,7.55,234.0,281.0,550.6,606.0,11.3,-0.1,122.0,514
2021-12-09 03:12:00,Ride,1084,1084.0,5.92,8.333,5.462,48.0,17.0,574.2,617.8,32.2,0.7,91.0,513
2021-12-09 10:08:23,Ride,1028,747.0,4.05,11.34,5.43,11.1,152.0,556.5,598.5,4.5,-1.0,94.0,512
2021-12-09 11:50:32,Ride,1702,1442.0,6.67,6.811,4.629,48.2,60.0,556.7,600.4,7.9,0.7,123.0,511
2021-12-11 00:15:26,Ride,18232,14834.0,100.05,15.594,6.745,671.0,738.0,541.6,654.4,19.0,-0.1,102.0,510
2021-12-15 05:53:33,Ride,2183,2053.0,10.98,10.945,5.35,66.9,201.0,554.9,595.2,8.8,-0.1,125.0,509
2021-12-15 09:05:41,Ride,1459,1250.0,7.16,10.18,5.728,34.3,92.0,553.5,586.7,11.9,-0.3,127.0,508
2021-12-16 06:55:21,Ride,1546,1452.0,7.96,8.195,5.487,36.5,102.0,557.0,595.9,12.6,-0.1,116.0,507
2021-12-16 12:18:22,Ride,1516,1434.0,7.31,7.723,5.103,48.0,135.0,559.9,600.3,9.4,0.5,132.0,506
2021-12-17 00:02:28,Ride,8540,6454.0,39.35,11.828,6.097,201.0,240.0,548.0,609.6,13.2,-0.1,76.0,505
2021-12-17 07:41:20,Ride,1479,1311.0,8.1,11.589,6.182,45.2,101.0,557.0,595.6,17.7,-0.1,150.0,504
2021-12-17 10:19:03,Ride,3637,1476.0,7.42,9.338,5.032,29.2,143.0,555.8,582.2,10.4,-0.2,112.0,503
2021-12-17 11:22:58,Ride,500,500.0,2.28,6.955,4.566,33.4,23.0,569.1,600.8,7.1,1.4,158.0,502
2021-12-18 00:41:25,Ride,6869,4484.0,35.2,14.114,7.851,189.0,227.0,555.8,614.8,5.7,-0.1,132.0,501
2021-12-18 02:36:10,Ride,8036,3495.0,22.68,11.905,6.491,153.0,114.0,561.6,626.2,37.3,0.1,104.0,500
2021-12-18 10:13:21,Ride,896,881.0,4.42,10.66,5.019,15.2,87.0,556.1,592.7,6.5,-0.8,96.0,499
2021-12-18 11:31:16,Ride,3262,1387.0,6.07,9.236,4.379,56.7,105.0,555.8,600.4,23.2,0.7,77.0,498
2021-12-19 00:49:34,Ride,13655,10156.0,60.59,12.844,5.967,408.0,427.0,532.6,641.4,11.5,-0.1,84.0,497
2021-12-20 06:13:14,Ride,1555,1432.0,8.0,8.841,5.587,39.5,113.0,557.0,595.9,32.8,-0.1,119.0,496
2021-12-20 08:45:47,Ride,2682,2207.0,10.69,9.012,4.846,72.1,185.0,555.8,598.2,12.2,0.1,112.0,495
2021-12-21 00:43:18,Ride,5699,4975.0,34.63,14.42,6.962,240.0,274.0,562.6,661.8,12.8,-0.1,109.0,494
2021-12-21 03:07:08,Ride,1197,1157.0,5.87,6.958,5.081,48.0,19.0,563.0,604.4,8.0,0.5,82.0,493
2021-12-21 06:28:02,Ride,1655,1596.0,8.42,10.913,5.275,42.7,156.0,552.9,595.0,7.8,-0.1,116.0,492
2021-12-21 08:59:38,Ride,2049,1631.0,8.16,8.801,5.004,55.0,114.0,555.8,600.4,11.6,0.2,126.0,491
2021-12-21 10:07:41,Ride,925,726.0,3.8,11.407,5.237,6.7,83.0,556.9,595.2,6.6,-1.0,90.0,490
2021-12-21 11:33:23,Ride,1151,1036.0,4.02,5.916,3.883,49.1,67.0,558.8,600.2,15.2,1.0,117.0,489
2021-12-23 07:12:41,Ride,1466,1466.0,8.0,11.728,5.461,44.5,118.0,557.0,594.8,14.1,-0.1,122.0,488
2021-12-23 09:00:37,Ride,2597,1954.0,10.21,10.424,5.225,71.7,155.0,555.8,601.0,33.5,0.2,118.0,487
2021-12-24 01:19:57,Ride,7100,4611.0,22.75,9.212,4.934,98.0,113.0,549.8,604.8,14.1,-0.1,56.0,486
2021-12-24 07:33:17,Ride,1921,1748.0,8.42,10.043,4.818,46.3,212.0,553.8,588.7,7.2,0.0,108.0,485
2021-12-24 10:12:07,Ride,2305,1810.0,10.12,11.26,5.594,72.7,118.0,555.8,601.0,12.9,0.2,143.0,484
2021-12-25 00:27:32,Ride,21985,14178.0,90.92,12.879,6.413,520.0,532.0,533.4,617.6,44.1,0.0,93.0,483
2021-12-25 13:49:43,Ride,5596,3507.0,16.91,11.987,4.823,107.2,310.0,554.9,601.2,27.5,0.0,111.0,482
2021-12-26 00:06:12,Ride,15469,13507.0,105.04,13.529,7.777,411.0,468.0,537.2,611.6,38.1,0.0,123.0,481
2021-12-26 04:53:43,Ride,2381,1336.0,6.87,7.748,5.148,46.0,10.0,586.4,626.0,11.2,0.3,82.0,480
2021-12-28 00:49:27,Ride,11499,7372.0,42.07,12.644,5.707,287.0,293.0,545.6,660.8,14.0,-0.1,88.0,479
2021-12-30 00:41:13,Ride,8913,6713.0,35.29,8.698,5.258,174.0,184.0,541.8,605.4,9.1,-0.1,59.0,478
2021-12-30 11:29:04,Ride,756,756.0,3.79,11.043,5.013,6.4,112.0,559.7,595.3,8.1,-0.9,83.0,477
2021-12-30 12:29:07,Ride,966,950.0,4.06,6.868,4.274,50.3,30.0,558.9,600.6,10.8,1.0,130.0,476
2021-12-31 00:41:33,Ride,10501,7002.0,32.99,10.92,4.712,212.0,219.0,540.6,655.2,20.2,-0.1,58.0,475
2021-12-31 04:35:23,Ride,769,717.0,3.18,8.72,4.445,25.0,32.0,614.6,636.0,34.1,-0.1,59.0,474
2022-01-01 02:39:03,Ride,847,847.0,4.79,10.788,5.665,17.5,123.0,555.5,592.9,7.5,-0.6,54.0,473
2022-01-01 03:52:31,Ride,1219,1187.0,5.7,8.54,4.808,50.6,60.0,554.0,600.4,7.7,0.6,81.0,472
2022-01-01 10:14:33,Ride,488,463.0,2.76,11.9,5.962,6.5,54.0,567.2,595.3,4.7,-1.0,51.0,471
2022-01-01 11:20:01,Ride,2795,1615.0,7.23,9.28,4.478,72.8,105.0,555.8,600.9,27.8,0.5,82.0,470
2022-01-02 00:43:12,Ride,23804,19027.0,108.0,16.613,5.676,1407.0,751.0,573.4,1285.4,34.2,0.6,116.0,469
2022-01-04 10:27:43,Ride,687,687.0,3.97,11.836,5.781,11.5,125.0,557.2,595.0,4.7,-0.9,56.0,468
2022-01-04 11:38:08,Ride,1705,1446.0,7.08,10.476,4.902,82.4,83.0,559.1,613.9,16.5,0.6,96.0,467
2022-01-05 01:55:30,Ride,1171,1153.0,7.99,9.413,6.937,37.7,96.0,557.0,595.1,13.8,-0.1,171.0,466
2022-01-05 05:36:14,Ride,1047,797.0,4.5,8.634,5.653,11.7,125.0,556.1,586.7,13.4,-0.6,57.0,465
2022-01-06 03:37:50,Ride,1406,1310.0,7.8,8.447,5.959,39.6,78.0,557.0,592.7,16.5,-0.1,136.0,464
2022-01-06 07:32:54,Ride,1772,1696.0,8.2,9.548,4.837,55.0,130.0,555.8,600.9,6.8,0.2,64.0,463
2022-01-07 01:57:17,Ride,1159,1159.0,8.13,12.31,7.017,43.0,99.0,552.9,595.7,8.7,-0.1,178.0,462
2022-01-07 09:54:37,Ride,1963,1586.0,8.22,9.065,5.184,61.1,94.0,555.8,600.5,9.5,0.2,76.0,461
2022-01-08 00:41:27,Ride,8124,6011.0,41.29,11.777,6.87,234.0,275.0,548.0,601.6,7.8,-0.1,99.0,460
2022-01-08 03:11:49,Ride,2098,1384.0,7.22,9.612,5.222,61.0,30.0,569.4,611.6,15.7,0.6,84.0,459
2022-01-11 00:52:40,Ride,6595,5083.0,32.62,14.998,6.417,255.0,262.0,548.6,657.6,12.6,0.0,100.0,458
2022-01-12 00:46:29,Ride,6983,4343.0,30.05,16.48,6.919,226.0,225.0,558.4,664.4,38.1,0.0,118.0,457
2022-01-13 00:22:24,Ride,8733,6765.0,37.71,14.634,5.575,267.0,265.0,556.4,658.2,23.2,0.0,78.0,456
2022-01-18 00:53:52,Ride,5718,5050.0,34.35,13.815,6.802,239.0,247.0,554.4,656.4,22.4,0.0,112.0,455
2022-01-19 00:31:01,Ride,9052,5633.0,37.22,14.118,6.608,173.0,191.0,531.0,628.2,11.2,-0.1,98.0,454
2022-01-20 10:17:36,Ride,782,745.0,4.08,11.477,5.48,6.6,92.0,556.0,594.9,13.9,-0.9,105.0,453
2022-01-20 11:17:04,Ride,3868,1900.0,8.61,9.931,4.534,75.2,105.0,547.3,601.0,22.5,0.5,121.0,452
2022-01-20 13:54:11,Ride,690,690.0,5.27,10.919,7.636,24.8,71.0,572.4,598.4,3.9,-0.4,184.0,451
2022-01-20 14:49:08,Ride,2128,1646.0,10.91,9.917,6.631,59.2,129.0,551.1,600.5,7.2,0.2,185.0,450
2022-01-21 00:00:13,Ride,7162,4338.0,28.49,15.168,6.568,211.0,220.0,545.8,649.2,42.5,0.0,102.0,449
2022-01-22 00:17:45,Ride,12807,8661.0,50.81,14.66,5.866,356.0,405.0,532.0,624.4,42.5,-0.2,82.0,448
2022-01-22 04:39:09,Ride,1148,1109.0,5.15,6.284,4.644,51.0,17.0,569.4,614.8,20.5,0.7,78.0,447
2022-01-22 10:22:48,Ride,561,561.0,3.71,11.802,6.618,11.3,73.0,556.1,590.2,5.7,-0.9,134.0,446
2022-01-22 11:27:55,Ride,990,990.0,4.23,6.402,4.275,45.4,49.0,556.2,600.6,22.4,1.0,130.0,445
2022-01-23 00:09:17,Ride,9166,5233.0,36.44,15.484,6.965,262.0,294.0,561.4,664.4,16.8,-0.1,106.0,444
2022-01-23 03:37:34,Ride,929,929.0,5.16,9.126,5.559,47.0,15.0,563.6,605.8,10.1,0.6,96.0,443
2022-01-24 10:40:36,Ride,4311,3219.0,16.72,9.491,5.195,87.0,215.0,549.6,611.0,10.5,0.1,117.0,442
2022-01-26 00:43:19,Ride,22194,15694.0,107.36,15.879,6.841,765.0,788.0,538.2,646.2,21.5,0.0,109.0,441
2022-01-27 10:31:17,Ride,627,627.0,3.58,10.517,5.71,6.6,64.0,560.9,598.2,5.9,-1.0,92.0,440
2022-01-27 11:41:01,Ride,1124,1082.0,4.46,6.372,4.123,54.5,49.0,554.4,603.9,31.4,1.0,127.0,439
2022-01-28 08:55:51,Ride,7736,6524.0,37.72,16.944,5.782,226.0,211.0,559.4,658.6,20.8,0.0,83.0,438
2022-01-29 06:12:09,Ride,792,777.0,3.84,9.766,4.945,6.4,103.0,555.8,595.3,5.4,-1.0,43.0,437
2022-01-29 07:17:03,Ride,1363,1112.0,4.14,7.161,3.725,50.4,76.0,556.2,600.7,24.0,1.1,79.0,436
2022-01-30 01:01:38,Ride,8660,6167.0,39.49,17.476,6.404,264.0,271.0,548.0,660.4,16.6,-0.1,101.0,435
2022-01-31 10:49:52,Ride,4593,3822.0,23.07,11.73,6.037,109.0,107.0,556.4,606.4,7.9,0.0,83.0,434
2022-02-01 00:41:24,Ride,11589,6158.0,34.71,16.942,5.638,224.0,230.0,538.4,653.6,8.6,-0.1,75.0,433
2022-02-01 09:51:16,Ride,778,778.0,4.49,12.037,5.78,11.5,78.0,555.8,589.6,4.3,-0.7,57.0,432
2022-02-05 00:53:00,Ride,10940,6120.0,33.42,15.544,5.461,226.0,218.0,544.8,655.6,8.2,0.0,72.0,431
2022-02-06 00:08:09,Ride,18401,14855.0,104.21,12.82,7.016,429.0,445.0,520.6,603.0,8.2,0.0,102.0,430
2022-02-08 00:26:50,Ride,6630,5508.0,35.18,14.994,6.388,255.0,253.0,561.4,665.8,32.6,0.0,95.0,429
2022-02-08 10:32:54,Ride,685,685.0,3.89,12.172,5.681,15.0,42.0,576.6,614.0,23.7,-0.8,47.0,428
2022-02-08 12:17:24,Ride,3877,1629.0,6.55,7.83,4.024,48.0,13.0,573.0,610.8,4.9,0.5,63.0,427
2022-02-10 10:12:24,Ride,808,642.0,3.57,11.855,5.569,10.1,78.0,555.9,587.7,4.7,-0.8,145.0,426
2022-02-10 11:58:37,Ride,1883,1196.0,5.36,9.364,4.481,65.1,53.0,558.9,613.9,18.7,0.8,174.0,425
2022-02-12 01:01:32,Ride,10875,6228.0,28.09,11.912,4.512,214.0,216.0,534.0,685.8,48.6,0.2,140.0,424
2022-02-12 23:38:02,Ride,27229,19873.0,117.98,18.724,5.937,1509.6,830.0,552.9,1312.0,34.1,0.6,124.0,423
2022-02-15 04:37:57,Ride,4902,3970.0,16.65,12.47,4.194,173.0,163.0,565.2,680.6,46.4,0.1,139.0,422
2022-02-15 10:18:33,Ride,787,769.0,4.12,12.088,5.361,11.4,79.0,555.3,599.7,21.6,-1.0,130.0,421
2022-02-15 11:55:24,Ride,1625,1107.0,4.2,7.17,3.794,49.3,58.0,556.0,600.8,46.0,1.1,71.0,420
2022-02-18 01:50:20,Ride,1566,1295.0,8.26,13.134,6.384,45.6,101.0,552.9,596.4,27.8,-0.1,160.0,419
2022-02-18 05:39:47,Ride,2303,1773.0,8.46,8.854,4.772,46.9,137.0,555.8,600.6,7.7,0.2,114.0,418
2022-02-19 02:01:56,Ride,9093,1866.0,8.01,11.342,4.292,112.0,48.0,563.4,668.4,49.5,1.0,160.0,417
2022-02-19 04:58:03,Ride,2690,2608.0,11.75,10.692,4.507,146.0,158.0,584.6,614.2,49.5,0.1,153.0,416
2022-02-19 06:45:34,Ride,4300,1945.0,8.3,12.904,4.268,45.0,88.0,518.8,698.6,33.5,-1.7,50.0,415
2022-02-22 12:37:01,Ride,1873,1031.0,4.89,14.462,4.747,92.0,95.0,588.2,679.0,35.8,0.2,110.0,414
2022-02-23 01:52:38,Ride,1306,1306.0,8.05,9.298,6.164,36.7,98.0,557.0,597.7,10.8,-0.2,139.0,413
2022-02-23 07:37:46,Ride,1966,1718.0,8.11,10.102,4.723,48.8,115.0,559.9,600.3,7.4,0.2,110.0,412
2022-02-23 13:57:42,Ride,5060,1799.0,11.09,13.573,6.165,77.0,184.0,571.2,600.4,5.3,0.0,97.0,411
2022-02-24 02:05:21,Ride,1391,1391.0,7.99,8.368,5.748,37.0,118.0,557.8,595.8,12.0,-0.1,126.0,410
2022-02-24 07:50:44,Ride,1608,1590.0,8.02,10.538,5.044,44.8,110.0,561.4,600.9,7.2,0.2,66.0,409
2022-02-24 10:19:28,Ride,753,729.0,3.97,12.63,5.454,6.0,41.0,560.0,600.2,4.4,-1.0,43.0,408
2022-02-24 11:39:18,Ride,941,887.0,4.01,7.662,4.525,50.0,6.0,572.2,621.6,18.7,1.2,80.0,407
2022-02-25 01:56:53,Ride,1370,1370.0,7.66,8.255,5.595,36.6,74.0,557.8,591.8,9.9,-0.1,61.0,406
2022-02-25 05:00:42,Ride,1598,1298.0,6.02,8.633,4.638,16.2,88.0,556.6,587.2,5.7,-0.4,89.0,405
2022-02-25 06:36:05,Ride,959,959.0,4.52,6.25,4.715,43.5,51.0,558.4,600.9,18.0,0.9,85.0,404
2022-02-25 23:23:18,Ride,17175,13014.0,100.31,18.04,7.708,585.0,631.0,533.8,647.6,10.6,-0.1,138.0,403
2022-02-26 04:17:40,Ride,1066,1005.0,5.24,7.118,5.216,47.0,14.0,564.2,605.2,9.1,0.6,86.0,402
2022-02-27 03:12:55,Ride,7902,4125.0,23.63,11.862,5.73,128.0,106.0,568.4,613.4,7.3,0.0,77.0,401
2022-02-28 01:57:40,Ride,1377,1347.0,7.98,9.102,5.925,32.8,106.0,561.7,595.2,9.4,-0.1,129.0,400
2022-02-28 07:32:27,Ride,3842,2374.0,13.08,11.248,5.512,74.6,157.0,553.9,600.8,7.1,0.1,135.0,399
2022-03-01 01:55:48,Ride,1649,1506.0,8.06,10.092,5.355,41.3,110.0,557.8,595.7,8.9,-0.1,118.0,398
2022-03-01 04:17:23,Ride,2304,1792.0,9.55,10.625,5.329,56.8,132.0,555.6,600.9,7.6,0.2,136.0,397
2022-03-01 05:17:08,Ride,675,675.0,3.92,12.757,5.812,10.2,60.0,554.4,595.0,5.2,-1.0,104.0,396
2022-03-01 06:29:16,Ride,951,951.0,4.07,7.274,4.286,45.6,75.0,559.6,603.2,9.3,1.0,131.0,395
2022-03-02 01:55:37,Ride,1978,1889.0,10.38,10.482,5.499,44.7,137.0,556.1,596.0,6.7,-0.1,129.0,394
2022-03-02 07:41:22,Ride,3179,2856.0,13.22,9.463,4.632,74.2,192.0,553.9,600.9,7.6,0.1,103.0,393
2022-03-03 10:23:33,Ride,644,644.0,4.0,12.08,6.212,10.1,39.0,558.5,597.6,9.9,-1.0,115.0,392
2022-03-03 11:35:14,Ride,1116,953.0,4.09,6.896,4.3,43.4,69.0,560.0,601.0,7.3,1.0,126.0,391
2022-03-04 01:56:07,Ride,1532,1532.0,8.77,9.084,5.726,39.3,124.0,554.5,597.3,8.7,-0.1,127.0,390
2022-03-04 08:24:49,Ride,3221,2724.0,13.13,11.357,4.822,82.6,175.0,553.9,600.9,13.2,0.1,122.0,389
2022-03-05 00:02:29,Ride,8715,7251.0,52.06,13.166,7.18,277.0,287.0,556.0,610.4,15.0,0.0,114.0,388
2022-03-06 04:00:41,Ride,6337,5287.0,30.16,13.06,5.706,182.0,171.0,560.0,620.2,21.8,-0.1,81.0,387
2022-03-07 01:15:57,Ride,1138,1138.0,8.13,10.599,7.15,36.5,77.0,557.8,599.9,10.6,-0.2,177.0,386
2022-03-07 08:10:51,Ride,2202,1919.0,9.01,9.293,4.699,62.9,113.0,556.5,603.9,9.3,0.2,118.0,385
2022-03-08 10:16:23,Ride,832,737.0,3.83,11.399,5.199,10.1,75.0,558.0,591.1,5.0,-0.9,94.0,384
2022-03-08 11:44:11,Ride,1411,954.0,4.08,7.674,4.28,50.5,103.0,557.0,605.2,48.4,1.1,134.0,383
2022-03-10 10:37:13,Ride,877,674.0,3.7,11.368,5.493,6.1,182.0,558.5,594.0,5.5,-1.0,99.0,382
2022-03-10 11:31:51,Ride,1076,1076.0,4.67,7.118,4.34,50.3,86.0,557.5,601.0,24.7,0.9,129.0,381
2022-03-12 00:46:32,Ride,11676,6337.0,46.3,16.609,7.308,256.0,257.0,542.0,607.6,45.8,0.0,121.0,380
2022-03-13 03:15:49,Ride,12517,1918.0,11.54,12.658,6.017,83.0,81.0,555.0,625.0,35.4,-0.2,155.0,379
2022-03-15 10:20:04,Ride,875,752.0,4.07,11.594,5.417,6.2,94.0,557.5,600.8,6.0,-1.1,92.0,378
2022-03-15 11:48:09,Ride,1288,991.0,3.72,7.43,3.759,42.8,39.0,559.8,600.9,8.4,1.1,118.0,377
2022-03-16 00:15:07,Ride,10008,7334.0,52.24,15.332,7.124,279.0,322.0,543.6,642.2,17.8,-0.1,115.0,376
2022-03-16 04:02:35,Ride,1264,1098.0,5.38,6.962,4.905,45.0,13.0,573.8,615.6,12.6,0.7,135.0,375
2022-03-19 00:18:23,Ride,13775,8176.0,48.72,15.96,5.959,272.0,271.0,549.4,612.6,17.9,0.0,141.0,374
2022-03-23 00:15:39,Ride,2850,1701.0,8.33,10.656,4.899,48.0,47.0,555.6,611.0,12.4,-0.2,61.0,373
2022-03-28 23:08:33,Ride,19876,14939.0,101.55,15.271,6.798,603.0,606.0,563.2,657.8,23.4,0.0,108.0,372
2022-03-30 00:27:21,Ride,8489,6127.0,37.65,16.894,6.146,283.0,302.0,552.4,657.4,33.4,-0.1,97.0,371
2022-04-03 23:59:29,Ride,9482,7915.0,52.05,16.54,6.577,318.0,332.0,548.2,655.6,32.5,0.0,100.0,370
2022-04-04 11:18:50,Ride,711,692.0,3.79,11.374,5.476,6.2,86.0,555.3,595.1,6.9,-1.1,90.0,369
2022-04-04 12:17:48,Ride,1372,1164.0,4.96,7.712,4.269,58.3,79.0,559.4,601.0,7.9,0.8,125.0,368
2022-04-04 23:23:37,Ride,9955,8457.0,53.41,12.326,6.316,272.0,301.0,559.4,619.6,5.9,-0.1,145.0,367
2022-04-06 06:12:26,Ride,8746,6627.0,34.36,11.967,5.186,190.3,406.0,547.5,628.8,6.3,0.0,153.0,366
2022-04-09 00:48:54,Ride,1643,1582.0,7.72,12.076,4.883,112.0,47.0,559.4,664.8,28.9,0.9,187.0,365
2022-04-09 01:16:26,Ride,2824,2287.0,9.51,9.98,4.16,99.0,191.0,514.0,639.2,20.7,-0.8,121.0,364
2022-04-09 02:03:44,Ride,5864,2744.0,14.14,9.566,5.153,77.0,60.0,551.4,598.4,13.3,-0.1,169.0,363
2022-04-15 15:27:18,Ride,24286,17665.0,117.06,18.546,6.627,974.0,958.0,571.6,856.2,42.6,0.0,184.0,362
2022-04-22 13:21:51,Ride,2307,795.0,4.95,11.927,6.235,26.9,114.0,572.4,593.7,4.0,-0.4,137.0,361
2022-04-22 14:31:01,Ride,1028,1007.0,5.7,12.136,5.661,44.4,72.0,571.0,596.8,14.1,0.4,150.0,360
2022-04-22 23:51:36,Ride,4540,4495.0,37.25,14.022,8.288,193.5,219.0,555.4,600.9,5.2,0.0,242.0,359
2022-04-23 01:07:32,Ride,2849,2540.0,15.54,13.32,6.119,129.0,116.0,554.8,632.6,14.4,-0.1,159.0,358
2022-04-23 04:18:45,Ride,1826,1671.0,8.67,9.718,5.19,52.0,46.0,571.8,611.6,11.2,0.1,121.0,357
2022-04-24 01:43:08,Ride,7978,6870.0,37.49,14.034,5.458,232.0,277.0,552.6,644.8,20.2,-0.1,164.0,356
2022-04-24 04:43:13,Ride,1384,1345.0,6.1,6.554,4.541,51.0,16.0,565.8,612.4,10.5,0.2,150.0,355
2022-04-26 03:09:02,Ride,3726,3688.0,23.76,13.202,6.444,163.0,167.0,561.8,651.4,8.4,0.0,218.0,354
2022-04-26 07:27:17,Ride,2117,1796.0,8.42,9.148,4.693,46.0,26.0,587.4,625.2,10.2,0.4,140.0,353
2022-04-29 00:08:57,Ride,8374,7734.0,44.42,17.53,5.744,206.0,244.0,558.2,625.4,14.4,-0.1,125.0,352
2022-04-29 03:19:49,Ride,1109,1109.0,5.75,9.18,5.19,49.0,16.0,571.8,617.6,7.3,0.8,136.0,351
2022-04-30 00:15:19,Ride,6528,6048.0,37.56,13.994,6.211,218.0,262.0,548.2,602.8,6.7,-0.1,145.0,350
2022-04-30 02:59:35,Ride,5183,1578.0,6.7,9.758,4.251,66.0,22.0,564.0,616.6,45.9,0.8,104.0,349
2022-05-02 23:01:20,Ride,5579,5579.0,47.41,14.402,8.498,68.0,60.0,-12.4,28.0,47.0,0.1,129.0,348
2022-05-03 00:47:10,Ride,678,678.0,3.89,10.79,5.744,7.0,8.0,8.6,19.6,21.0,0.2,61.0,347
2022-05-03 01:26:50,Ride,769,741.0,3.81,9.146,5.146,9.0,7.0,4.2,8.6,7.2,0.0,55.0,346
2022-05-03 23:31:59,Ride,7804,5751.0,28.67,15.478,4.985,586.0,606.0,188.2,617.8,41.3,0.0,127.0,345
2022-05-04 22:40:13,Ride,7772,6438.0,59.15,14.112,9.188,273.0,279.0,-9.4,19.4,10.4,0.0,135.0,344
2022-05-06 22:40:24,Ride,20982,14972.0,122.06,14.77,8.153,421.0,421.0,4.8,34.2,18.6,0.0,115.0,343
2022-05-07 23:28:54,Ride,5291,4588.0,30.16,11.87,6.575,77.0,76.0,-3.0,14.6,12.1,0.0,68.0,342
2022-05-09 22:52:06,Ride,3634,3537.0,28.48,11.126,8.054,34.0,38.0,6.0,12.6,18.8,0.0,117.0,341
2022-05-10 00:13:52,Ride,188,188.0,0.98,7.118,5.231,7.0,2.0,9.8,14.6,31.2,0.5,54.0,340
2022-05-12 22:46:54,Ride,3802,3802.0,34.96,12.164,9.196,41.0,47.0,5.0,13.0,35.2,0.0,125.0,339
2022-05-13 00:02:54,Ride,358,358.0,2.06,7.55,5.77,5.0,5.0,8.6,12.8,4.1,0.0,62.0,338
2022-05-13 22:33:18,Ride,14466,10247.0,63.26,16.472,6.174,586.0,475.0,8.6,449.8,37.5,0.2,115.0,337
2022-05-14 22:49:00,Ride,2845,2845.0,22.01,11.856,7.739,24.0,26.0,-0.6,9.2,8.2,0.0,112.0,336
2022-05-14 23:43:19,Ride,923,311.0,2.29,8.388,7.37,3.0,0.0,7.6,9.8,6.8,-0.1,102.0,335
2022-05-18 22:42:13,Ride,3200,3200.0,30.04,13.29,9.388,37.0,38.0,-0.6,7.2,5.7,0.0,162.0,334
2022-05-18 23:35:49,Ride,2516,1531.0,12.33,12.032,8.057,12.0,15.0,2.6,8.8,9.3,0.0,115.0,333
2022-05-19 22:46:17,Ride,3608,3608.0,34.54,14.926,9.575,33.0,38.0,-2.4,10.2,4.2,0.0,153.0,332
2022-05-20 00:18:23,Ride,387,387.0,2.08,7.762,5.377,4.0,4.0,9.6,13.8,9.9,0.1,55.0,331
2022-05-25 23:46:57,Ride,9504,6675.0,37.65,15.244,5.641,234.0,233.0,546.4,652.4,8.8,0.0,76.0,330
2022-05-26 23:56:59,Ride,2270,1909.0,11.36,9.042,5.952,88.0,46.0,558.2,639.2,10.2,0.2,91.0,329
2022-05-27 00:35:51,Ride,9028,6315.0,43.02,14.702,6.813,244.0,317.0,540.6,655.8,6.9,-0.3,178.0,328
2022-05-27 04:06:26,Ride,1187,1151.0,5.04,7.114,4.38,58.0,13.0,574.6,620.4,33.0,0.8,121.0,327
2022-05-27 23:57:08,Ride,9016,7756.0,46.53,17.262,6.0,283.0,321.0,550.2,628.0,18.6,-0.1,91.0,326
2022-05-28 03:21:13,Ride,1177,1177.0,5.26,6.614,4.471,47.0,14.0,565.8,607.8,10.3,0.6,114.0,325
2022-05-29 00:07:38,Ride,7343,7029.0,50.27,13.338,7.152,243.0,283.0,546.4,612.8,5.6,-0.1,102.0,324
2022-05-29 02:34:18,Ride,2448,2228.0,12.1,11.327,5.432,76.0,53.0,575.8,618.0,26.4,0.1,76.0,323
2022-05-30 00:25:18,Ride,6933,6910.0,40.95,12.148,5.927,204.0,246.0,551.8,607.4,5.7,-0.1,69.0,322
2022-05-30 03:21:40,Ride,1045,1045.0,5.47,8.555,5.234,45.0,12.0,566.4,607.6,10.4,0.6,82.0,321
2022-05-31 00:23:23,Ride,6318,5140.0,32.24,19.226,6.273,219.0,250.0,551.0,650.8,13.7,-0.1,93.0,320
2022-05-31 03:26:42,Ride,897,897.0,5.13,10.097,5.724,46.0,14.0,563.8,606.4,9.4,0.6,101.0,319
2022-05-31 13:27:48,Ride,4735,2516.0,12.8,10.221,5.09,70.4,165.0,555.6,596.0,9.7,0.1,117.0,318
2022-06-01 00:15:49,Ride,6103,5692.0,35.2,19.652,6.184,210.0,240.0,561.4,658.2,19.9,-0.1,88.0,317
2022-06-01 03:39:53,Ride,1446,1381.0,7.32,9.82,5.302,89.0,35.0,582.4,640.2,26.6,0.6,88.0,316
2022-06-02 11:52:15,Ride,3085,2510.0,11.03,15.892,4.398,235.0,228.0,571.8,688.6,25.3,0.3,145.0,315
2022-06-04 00:35:27,Ride,7060,6104.0,47.53,16.91,7.788,233.0,256.0,564.8,607.4,11.9,-0.1,128.0,314
2022-06-04 03:26:20,Ride,3469,1213.0,5.59,6.926,4.61,61.0,14.0,573.2,625.0,20.2,0.9,76.0,313
2022-06-06 11:37:03,Ride,4674,2357.0,10.19,16.536,4.324,216.0,197.0,591.8,676.8,42.3,0.0,117.0,312
2022-06-06 13:09:08,Ride,1394,572.0,2.91,8.413,5.089,29.0,37.0,588.2,614.6,27.6,-0.5,70.0,311
2022-06-10 00:01:46,Ride,2857,2595.0,13.3,15.7,5.125,99.2,311.0,559.6,642.2,14.4,0.0,73.0,310
2022-06-10 00:49:23,Ride,2612,2612.0,26.06,17.367,9.979,121.2,177.6,557.4,623.8,5.9,-0.2,218.0,309
2022-06-10 01:32:55,Ride,2830,2272.0,13.54,10.0,5.962,58.0,63.6,546.6,579.6,4.0,0.0,72.0,308
2022-06-10 03:16:11,Ride,1376,1337.0,6.01,6.886,4.499,60.0,14.0,573.2,619.4,38.9,0.8,65.0,307
2022-06-10 23:31:23,Ride,6836,6632.0,38.11,13.306,5.747,228.0,244.0,551.0,641.6,17.0,-0.1,170.0,306
2022-06-11 23:52:14,Ride,13209,9794.0,60.52,15.492,6.18,350.0,381.0,557.4,640.6,8.4,-0.1,89.0,305
2022-06-12 04:34:09,Ride,1024,1024.0,5.16,7.007,5.043,52.0,14.0,571.0,613.8,24.9,0.8,135.0,304
2022-06-14 10:13:13,Ride,736,736.0,4.06,11.93,5.525,9.6,83.0,556.0,596.5,5.0,-1.0,91.0,303
2022-06-14 11:34:15,Ride,217,217.0,1.0,8.84,4.644,2.8,40.0,555.6,559.8,5.9,0.0,101.0,302
2022-06-14 12:14:08,Ride,5128,1282.0,5.59,13.72,4.367,75.1,103.0,555.6,614.0,46.7,0.8,133.0,301
2022-06-14 23:34:58,Ride,2025,1982.0,11.19,12.818,5.649,98.0,49.0,560.6,646.8,10.1,0.3,91.0,300
2022-06-15 00:08:55,Ride,4717,4717.0,45.02,19.491,9.546,255.0,339.0,549.4,664.6,10.5,-0.3,200.0,299
2022-06-15 01:28:22,Ride,1508,1463.0,8.26,8.26,5.648,48.0,20.0,585.0,617.0,37.4,0.4,78.0,298
2022-06-16 00:58:01,Ride,557,557.0,3.83,12.421,6.883,6.1,80.0,559.9,596.3,4.3,-0.9,125.0,297
2022-06-16 01:50:32,Ride,1338,1179.0,5.0,7.802,4.244,54.0,78.0,558.7,600.9,15.3,0.8,117.0,296
2022-06-16 15:23:18,Ride,745,745.0,3.19,12.786,4.286,62.7,114.0,594.0,665.7,10.5,-0.4,160.0,295
2022-06-17 23:33:18,Ride,13325,12294.0,100.26,14.79,8.156,391.0,423.0,544.8,609.2,36.6,0.0,140.0,294
2022-06-18 03:39:41,Ride,3880,2407.0,11.6,9.286,4.822,84.0,46.0,573.6,622.6,12.9,0.4,118.0,293
2022-06-19 00:03:41,Ride,7971,6504.0,28.59,14.316,4.397,266.0,315.0,564.0,707.6,49.9,-0.2,135.0,292
2022-06-19 02:55:14,Ride,1198,1057.0,4.79,7.115,4.536,40.0,14.0,569.2,602.0,37.0,0.5,144.0,291
2022-06-23 01:21:50,Ride,733,733.0,4.15,10.161,5.67,10.1,117.0,557.5,600.9,4.9,-1.0,88.0,290
2022-06-23 02:08:15,Ride,988,988.0,4.1,6.632,4.155,43.7,56.0,559.8,601.0,7.8,1.0,118.0,289
2022-06-25 00:52:10,Ride,7380,6532.0,47.16,15.112,7.221,242.0,272.0,551.6,604.4,46.6,-0.1,115.0,288
2022-06-25 03:46:22,Ride,1456,1417.0,7.51,14.064,5.3,68.0,25.0,573.6,620.4,40.7,0.6,89.0,287
2022-06-28 23:36:15,Ride,6765,6335.0,42.18,13.454,6.659,227.0,269.0,554.2,641.0,6.9,-0.1,89.0,286
2022-06-29 02:03:55,Ride,925,925.0,5.12,8.126,5.535,44.0,12.0,579.8,620.8,8.4,0.6,90.0,285
2022-07-03 00:14:22,Ride,8600,6696.0,39.72,12.186,5.933,260.0,294.0,558.2,655.2,17.7,-0.1,138.0,284
2022-07-03 03:55:35,Ride,1182,1108.0,5.06,8.986,4.568,65.0,16.0,568.4,636.0,40.0,1.3,132.0,283
2022-07-17 02:06:49,Ride,4250,2030.0,10.23,10.888,5.041,65.0,68.0,557.6,607.0,42.1,-0.1,118.0,282
2022-07-23 00:23:14,Ride,11743,9377.0,64.54,16.66,6.883,394.0,391.0,550.8,649.6,12.3,0.0,109.0,281
2022-07-28 01:32:59,Ride,10922,2457.0,12.85,14.976,5.231,87.0,87.0,553.4,622.4,9.5,-0.2,133.0,280
2022-07-30 00:42:41,Ride,6550,6103.0,35.28,17.748,5.781,232.0,265.0,562.6,659.4,14.6,-0.1,136.0,279
2022-07-30 03:31:18,Ride,1046,1027.0,4.55,9.744,4.438,42.0,11.0,571.4,619.2,15.9,1.0,125.0,278
2022-08-02 13:34:07,Ride,849,814.0,3.41,7.952,4.193,21.0,10.0,536.0,553.2,12.0,0.4,106.0,277
2022-08-03 00:21:44,Ride,8689,7759.0,50.1,13.448,6.458,251.0,296.0,548.8,614.2,39.8,-0.1,150.0,276
2022-08-03 02:56:18,Ride,1065,1022.0,5.21,8.444,5.101,52.0,13.0,569.8,611.6,27.1,0.8,140.0,275
2022-08-14 00:22:04,Ride,13753,12306.0,75.02,13.574,6.096,431.0,437.0,550.4,636.8,8.9,0.0,143.0,274
2022-08-22 00:46:46,Ride,5708,5435.0,33.16,17.264,6.101,230.0,236.0,559.2,645.8,27.7,0.0,104.0,273
2022-09-03 01:01:10,Ride,5283,5108.0,36.75,12.19,7.196,204.0,244.0,554.0,608.0,16.7,-0.1,130.0,272
2022-09-03 03:04:31,Ride,429,429.0,2.38,8.474,5.549,9.0,16.0,564.6,575.0,4.6,-0.4,83.0,271
2022-09-18 00:28:34,Ride,10480,9165.0,50.41,12.39,5.501,270.0,285.0,548.2,617.0,12.6,-0.1,79.0,270
2022-09-18 03:44:46,Ride,420,420.0,1.65,5.981,3.943,52.0,26.0,591.2,627.2,29.3,1.3,190.0,269
2022-09-24 00:26:02,Ride,8666,7558.0,58.78,18.916,7.777,325.0,353.0,544.0,648.8,19.3,-0.1,121.0,268
2022-09-24 03:41:34,Ride,2615,2064.0,11.73,13.93,5.687,106.0,90.0,573.4,629.2,20.7,0.3,90.0,267
2022-09-24 23:05:14,Ride,20001,15623.0,100.76,17.066,6.45,622.0,664.0,541.6,650.2,16.9,-0.1,82.0,266
2022-09-25 05:19:13,Ride,915,898.0,4.93,10.128,5.498,50.0,10.0,573.4,619.0,11.2,0.9,113.0,265
2022-10-05 00:29:30,Ride,11369,6107.0,31.16,15.662,5.103,196.0,196.0,544.2,644.0,11.8,0.0,70.0,264
2022-10-07 01:48:04,Ride,5268,1923.0,11.54,11.86,6.003,82.0,75.0,562.4,622.4,34.9,-0.2,98.0,263
2022-10-09 00:06:22,Ride,8574,8549.0,60.46,17.112,7.073,344.0,386.0,546.2,645.8,17.0,-0.1,105.0,262
2022-10-09 03:56:41,Ride,1531,1409.0,6.01,6.902,4.27,57.0,15.0,568.0,617.4,27.3,0.8,64.0,261
2022-10-19 00:33:27,Ride,116,116.0,0.71,8.422,6.119,4.0,6.0,598.4,603.0,4.7,-0.4,142.0,260
2022-10-19 00:35:22,Ride,6840,6620.0,40.3,11.644,6.088,240.0,257.0,560.4,605.6,9.6,-0.1,84.0,259
2022-10-19 03:11:41,Ride,1529,1427.0,6.09,7.884,4.271,52.0,17.0,565.0,609.6,29.6,0.6,73.0,258
2022-10-21 09:24:26,Ride,1500,1017.0,5.03,11.548,4.951,42.0,7.0,635.6,679.0,48.0,0.8,100.0,257
2022-10-25 00:24:06,Ride,6858,6478.0,40.03,14.142,6.179,234.0,255.0,558.0,605.8,42.8,0.0,90.0,256
2022-10-25 03:06:44,Ride,1042,1042.0,5.06,12.416,4.859,49.0,17.0,565.2,607.2,11.5,0.6,98.0,255
2022-10-28 23:47:13,Ride,11322,9915.0,62.43,14.41,6.297,375.0,407.0,556.4,666.4,30.9,0.0,84.0,254
2022-10-29 03:47:10,Ride,1327,1210.0,5.83,10.262,4.823,56.0,14.0,573.2,617.6,48.5,0.8,77.0,253
2022-11-04 23:26:14,Ride,14876,14115.0,101.43,16.85,7.186,674.0,710.0,545.0,665.0,38.7,0.0,111.0,252
2022-11-05 04:17:29,Ride,1689,1629.0,7.01,8.066,4.308,61.0,30.0,560.0,603.8,42.1,0.3,63.0,251
2022-12-03 00:28:47,Ride,11831,9653.0,66.35,19.332,6.874,401.0,440.0,552.0,646.4,13.8,-0.1,100.0,250
2022-12-03 04:41:57,Ride,1714,1556.0,7.03,9.704,4.524,55.0,26.0,576.4,616.8,26.6,0.5,62.0,249
2022-12-21 01:08:58,Ride,5145,4647.0,22.52,13.714,4.847,187.0,229.0,551.6,697.4,48.3,-0.3,151.0,248
2022-12-21 03:28:55,Ride,1036,962.0,4.01,7.576,4.17,51.0,5.0,574.4,626.0,49.4,1.3,122.0,247
2022-12-24 00:48:48,Ride,6479,5488.0,25.55,15.238,4.656,222.0,243.0,550.2,699.0,42.9,-0.1,143.0,246
2023-01-22 00:46:21,Ride,6492,6358.0,42.3,15.572,6.653,277.0,301.0,574.2,661.4,39.7,0.0,115.0,245
2023-01-22 03:32:41,Ride,1258,1239.0,7.02,10.18,5.672,49.0,24.0,561.2,600.2,19.4,0.3,107.0,244
2023-01-28 00:26:10,Ride,7854,7669.0,41.52,16.774,5.415,236.0,283.0,541.8,605.8,12.7,-0.1,64.0,243
2023-01-28 03:14:20,Ride,1356,1295.0,5.03,6.984,3.889,48.0,16.0,560.0,606.2,24.1,0.1,71.0,242
2023-02-01 00:38:56,Ride,7632,6506.0,34.05,13.452,5.235,249.0,248.0,560.4,661.8,50.0,0.0,76.0,241
2023-02-09 01:02:13,Ride,7058,6961.0,46.7,12.074,6.71,313.0,313.0,568.4,649.6,47.5,0.0,112.0,240
2023-02-09 03:10:19,Ride,4859,1942.0,10.2,10.904,5.254,99.0,46.0,598.0,649.4,39.9,0.5,77.0,239
2023-02-16 00:30:55,Ride,123,123.0,0.67,8.056,5.464,5.0,5.0,505.2,511.8,4.0,-0.2,77.0,238
2023-02-16 00:32:49,Ride,10410,8036.0,43.74,11.444,5.443,265.0,251.0,545.4,602.4,21.7,0.0,66.0,237
2023-03-01 00:45:27,Ride,6322,5931.0,39.55,12.796,6.669,218.0,246.0,554.6,599.4,5.3,-0.1,95.0,236
2023-03-01 02:58:39,Ride,908,880.0,4.27,8.608,4.861,74.0,22.0,565.0,645.6,32.9,1.5,103.0,235
2023-03-04 23:50:52,Ride,9577,8806.0,57.64,15.444,6.545,363.0,364.0,576.2,663.4,41.4,0.0,101.0,234
2023-03-19 00:33:50,Ride,13318,10209.0,55.15,13.36,5.402,379.0,389.0,540.6,630.0,37.7,0.0,77.0,233
2023-03-22 00:49:36,Ride,5291,5098.0,28.0,13.436,5.493,176.0,212.0,572.2,679.0,17.1,0.1,80.0,232
2023-03-22 02:42:21,Ride,1422,1343.0,7.11,9.292,5.301,52.0,30.0,565.2,605.2,19.5,0.4,95.0,231
2023-03-25 12:52:38,Ride,2704,1077.0,4.53,9.646,4.206,48.0,23.0,532.2,587.2,42.4,0.8,89.0,230
2023-03-29 00:47:43,Ride,9100,7320.0,41.14,12.008,5.621,262.0,257.0,545.2,639.6,10.6,0.0,80.0,229
2023-04-04 01:21:13,Ride,6608,6004.0,31.06,12.928,5.174,200.0,215.0,550.4,610.2,13.3,-0.1,81.0,228
2023-04-05 00:58:37,Ride,6279,5694.0,32.5,18.16,5.709,214.0,215.0,571.4,659.0,48.7,0.0,87.0,227
2023-04-08 00:23:01,Ride,4029,3395.0,17.19,10.152,5.064,92.0,100.0,551.2,604.2,22.0,-0.1,72.0,226
2023-05-03 01:10:55,Ride,2064,1920.0,7.51,15.112,3.916,130.0,109.0,584.4,702.0,24.9,0.5,90.0,225
2023-05-05 00:28:52,Ride,5579,5411.0,30.56,17.236,5.648,214.0,225.0,560.2,649.8,21.5,0.0,92.0,224
2023-05-11 23:25:31,Ride,7830,7262.0,42.33,16.702,5.83,249.0,266.0,552.8,661.4,22.5,-0.1,95.0,223
2023-05-19 00:23:03,Ride,9133,7741.0,46.04,12.55,5.948,280.0,286.0,557.8,612.8,23.5,0.0,89.0,222
2023-05-30 01:37:53,Ride,4030,3944.0,22.34,12.876,5.665,132.0,130.0,562.0,603.6,29.4,0.0,84.0,221
2023-05-30 23:55:31,Ride,6163,5750.0,33.01,17.852,5.742,222.0,237.0,550.2,647.6,18.9,0.0,94.0,220
2023-06-07 23:49:20,Ride,5187,5119.0,30.09,13.396,5.879,148.0,150.0,557.4,605.4,20.0,0.0,81.0,219
2023-06-11 23:41:26,Ride,3623,3326.0,14.81,11.351,4.455,134.0,121.0,565.0,668.8,30.0,-0.2,137.0,218
2023-06-18 23:46:07,Ride,6405,6293.0,36.16,14.606,5.746,265.0,273.0,558.0,621.0,39.4,0.0,87.0,217
2023-06-21 00:10:04,Ride,9092,8051.0,50.11,18.218,6.224,234.0,279.0,546.0,619.8,42.6,-0.1,89.0,216
2023-06-21 02:52:57,Ride,457,457.0,2.36,9.312,5.174,13.0,12.0,574.0,581.6,21.4,0.1,68.0,215
2023-06-23 23:38:55,Ride,9558,9058.0,55.01,11.962,6.073,310.0,316.0,554.4,611.0,18.1,0.0,83.0,214
2023-06-30 00:52:41,Ride,6337,4599.0,18.91,13.472,4.112,145.0,137.0,560.4,683.2,49.6,0.1,123.0,213
2023-07-03 01:32:29,Ride,5180,4286.0,16.84,12.226,3.929,172.0,172.0,563.4,687.6,35.8,-0.1,124.0,212
2023-07-04 00:17:45,Ride,6154,5528.0,31.05,13.767,5.618,190.0,204.0,557.6,648.6,37.0,0.0,174.0,211
2023-07-09 02:01:25,Ride,468,238.0,0.93,7.184,3.908,6.0,7.0,591.8,605.8,8.0,0.6,122.0,210
2023-07-09 02:11:19,Ride,8086,7521.0,36.62,13.256,4.869,263.0,259.0,559.2,657.8,18.4,0.0,145.0,209
2023-07-10 01:53:01,Ride,4525,2928.0,10.01,10.403,3.42,131.0,164.0,547.8,663.6,44.0,0.4,114.0,208
2023-07-12 02:18:51,Ride,5212,1915.0,9.06,13.838,4.735,123.0,127.0,587.2,683.2,15.5,0.1,91.0,207
2023-07-14 01:56:08,Ride,3312,2904.0,12.47,11.23,4.296,113.0,108.0,581.4,667.4,29.1,-0.2,130.0,206
2023-07-16 01:22:34,Ride,3532,3222.0,13.19,12.28,4.096,116.0,55.0,559.6,664.8,24.6,0.3,130.0,205
2023-07-16 02:21:43,Ride,2214,1536.0,5.63,11.688,3.67,66.0,146.0,553.6,659.0,44.4,-0.9,101.0,204
2023-07-16 02:58:52,Ride,4427,1898.0,8.82,10.328,4.65,50.0,41.0,550.8,606.6,7.4,-0.2,136.0,203
2023-07-21 23:34:24,Ride,14339,9100.0,69.12,12.754,7.596,169.0,170.0,6.6,31.0,40.2,0.0,116.0,202
2023-07-22 23:14:37,Ride,11629,7441.0,42.84,10.514,5.758,79.0,77.0,0.2,15.8,8.7,0.0,173.0,201
2023-07-24 22:45:04,Ride,5524,5365.0,42.34,14.573,7.892,119.0,126.0,-1.4,17.0,27.8,0.0,131.0,200
2023-07-25 00:19:50,Ride,3703,1617.0,9.13,11.648,5.646,28.0,26.0,3.0,17.8,48.6,0.1,78.0,199
2023-07-25 22:46:21,Ride,4808,4808.0,37.38,12.232,7.776,95.0,102.0,-3.6,12.8,14.5,0.0,115.0,198
2023-07-26 00:10:06,Ride,1475,1475.0,9.13,11.5,6.193,24.0,24.0,2.4,13.0,10.1,0.0,91.0,197
2023-07-26 22:52:48,Ride,5155,4875.0,36.1,15.346,7.405,99.0,109.0,-1.4,15.8,26.2,0.0,114.0,196
2023-07-27 00:19:05,Ride,3291,987.0,6.23,11.96,6.32,18.0,13.0,-1.0,15.8,42.3,0.1,79.0,195
2023-07-27 22:50:32,Ride,4731,4715.0,32.59,12.726,6.913,83.0,94.0,-2.8,15.2,12.7,0.0,92.0,194
2023-09-06 00:05:44,Ride,223,223.0,1.48,12.822,6.673,9.0,15.0,575.4,589.6,12.1,-0.6,77.0,193
2023-09-06 00:09:18,Ride,4036,3981.0,21.9,11.99,5.501,147.0,125.0,565.0,621.8,30.3,0.1,88.0,192
2023-09-23 00:01:21,Ride,6766,2266.0,11.2,10.788,4.943,32.0,71.0,546.4,638.2,9.8,-0.8,146.0,191
2023-09-23 02:26:56,Ride,5684,1585.0,6.18,8.416,3.901,48.0,14.0,560.0,604.4,45.5,0.5,146.0,190
2023-09-25 00:01:29,Ride,5496,5027.0,30.68,17.316,6.104,227.0,234.0,564.8,658.6,18.3,0.0,96.0,189
2023-10-05 00:24:41,Ride,391,391.0,2.41,11.856,6.182,11.0,31.0,569.2,592.0,7.3,-0.9,177.0,188
2023-10-05 00:31:11,Ride,2085,1886.0,7.67,8.574,4.069,84.0,28.0,571.0,642.8,38.3,0.5,156.0,187
2023-10-05 01:06:25,Ride,1321,1098.0,3.74,9.912,3.408,41.0,71.0,599.0,662.4,13.8,-0.4,119.0,186
2023-10-06 02:21:48,Ride,799,784.0,5.02,11.766,6.405,28.0,53.0,559.0,601.2,5.7,-0.5,221.0,185
2023-10-06 03:53:05,Ride,1167,1144.0,5.38,10.168,4.703,54.0,19.0,553.4,600.4,10.8,0.7,185.0,184
2023-10-24 00:53:05,Ride,6461,6426.0,36.24,12.685,5.64,293.0,321.0,549.2,648.6,9.9,-0.1,201.0,183
2023-10-24 03:34:21,Ride,1237,1194.0,5.26,7.084,4.406,47.0,17.0,553.4,596.4,7.9,0.6,160.0,182
2023-10-26 00:19:24,Ride,7545,6946.0,40.36,12.55,5.811,205.0,240.0,553.4,608.0,9.6,-0.1,188.0,181
2023-10-26 03:05:11,Ride,792,681.0,3.51,10.002,5.165,12.0,15.0,566.2,577.2,5.0,-0.3,168.0,180
2023-10-26 04:40:26,Ride,2430,1615.0,6.67,8.188,4.131,53.0,13.0,571.0,623.8,13.6,0.8,156.0,179
2023-10-28 00:38:32,Ride,6939,6148.0,31.01,15.6,5.045,207.0,238.0,547.4,652.4,8.0,-0.1,165.0,178
2023-10-28 03:32:33,Ride,1010,1010.0,4.0,6.267,3.966,44.0,4.0,577.4,620.0,13.0,0.5,157.0,177
2023-10-31 00:04:34,Ride,5089,4694.0,27.46,15.296,5.851,169.0,183.0,560.0,659.2,29.8,0.0,202.0,176
2023-11-01 00:26:16,Ride,7065,7026.0,40.14,12.095,5.713,210.0,243.0,554.8,602.2,4.8,-0.1,183.0,175
2023-11-01 03:19:27,Ride,1283,1283.0,5.51,6.962,4.295,50.0,16.0,566.0,607.8,11.2,0.6,152.0,174
2023-11-01 23:44:56,Ride,2199,2102.0,10.12,11.39,4.818,78.0,58.0,556.8,630.2,23.5,-0.1,164.0,173
2023-11-02 00:23:59,Ride,1148,991.0,4.08,10.634,4.118,47.0,74.0,598.4,664.2,40.7,-0.4,140.0,172
2023-11-02 00:43:20,Ride,2348,1340.0,4.8,15.488,3.585,107.0,93.0,520.2,694.0,15.4,1.8,153.0,171
2023-11-04 00:52:44,Ride,7336,5748.0,32.2,14.234,5.603,189.0,194.0,551.4,650.8,9.3,0.0,80.0,170
2023-11-08 00:33:46,Ride,8540,7906.0,46.13,15.4,5.835,207.0,253.0,543.0,610.4,11.7,-0.1,76.0,169
2023-11-08 03:13:21,Ride,1482,1392.0,5.87,10.162,4.219,55.0,23.0,562.6,607.0,7.2,0.5,160.0,168
2023-11-10 00:23:33,Ride,6392,5832.0,31.35,15.962,5.376,218.0,250.0,557.8,662.8,22.5,-0.2,74.0,167
2023-11-10 03:17:03,Ride,1304,1271.0,5.76,7.948,4.538,56.0,15.0,572.6,614.4,17.5,0.7,71.0,166
2023-11-14 00:38:04,Ride,8064,7040.0,39.94,12.332,5.675,223.0,267.0,561.6,612.8,19.8,-0.1,68.0,165
2023-11-14 03:28:03,Ride,1221,1221.0,5.5,8.808,4.507,42.0,16.0,565.2,606.4,39.7,0.6,76.0,164
2023-11-17 23:00:56,Ride,12037,10953.0,73.66,16.186,6.726,380.0,424.0,544.0,628.6,12.3,-0.1,100.0,163
2023-11-18 03:45:51,Ride,1499,1231.0,5.5,8.088,4.47,51.0,14.0,566.2,609.8,19.0,0.7,71.0,162
2023-11-22 00:42:41,Ride,5422,4893.0,27.59,12.592,5.638,128.0,140.0,544.0,604.8,14.3,-0.1,76.0,161
2023-12-04 00:19:33,Ride,7029,6294.0,37.19,19.755,5.91,278.0,273.0,570.6,669.2,33.8,0.0,99.0,160
2023-12-05 00:41:42,Ride,9963,5838.0,33.61,11.682,5.759,218.0,224.0,542.2,653.2,10.8,0.0,93.0,159
2023-12-07 00:42:12,Ride,10269,7448.0,48.24,14.294,6.478,294.0,308.0,537.6,599.6,18.2,0.0,100.0,158
2023-12-09 00:33:36,Ride,11569,10606.0,62.23,17.964,5.867,472.0,494.0,532.0,718.6,12.7,-0.1,98.0,157
2023-12-10 02:32:43,Ride,3474,3330.0,19.15,13.414,5.751,115.0,118.0,553.4,627.2,10.4,-0.2,92.0,156
2023-12-13 00:42:38,Ride,8813,6468.0,37.51,15.536,5.8,276.0,289.0,544.0,651.6,12.0,-0.1,94.0,155
2023-12-15 00:42:30,Ride,7439,6539.0,38.07,16.818,5.822,292.0,299.0,547.8,669.0,21.9,0.0,100.0,154
2023-12-24 00:50:33,Ride,8635,5823.0,31.26,14.906,5.368,365.0,380.0,562.2,876.4,19.0,-0.2,110.0,153
2024-01-03 23:46:35,Ride,5288,4820.0,30.01,16.634,6.227,191.0,197.0,560.0,655.6,16.1,0.0,97.0,152
2024-01-05 00:33:51,Ride,9453,7748.0,45.71,12.494,5.9,215.0,258.0,550.2,626.0,43.0,-0.1,75.0,151
2024-01-05 03:39:10,Ride,1411,1299.0,6.13,7.776,4.72,49.0,18.0,563.4,605.2,22.6,0.5,77.0,150
2024-01-09 00:40:53,Ride,3863,3453.0,21.03,14.224,6.091,144.0,150.0,550.4,601.4,10.0,0.0,99.0,149
2024-01-12 00:45:13,Ride,8120,7512.0,52.34,14.34,6.969,310.0,347.0,569.0,650.4,47.6,0.0,105.0,148
2024-01-12 03:30:10,Ride,1871,1532.0,7.02,9.508,4.585,56.0,27.0,564.0,606.6,16.9,0.4,85.0,147
2024-01-13 00:58:43,Ride,12059,7793.0,55.03,13.026,7.062,216.0,266.0,530.2,601.4,7.3,-0.1,101.0,146
2024-01-18 10:44:59,Ride,8400,6558.0,34.26,13.932,5.224,233.0,236.0,549.4,650.0,13.4,0.0,83.0,145
2024-01-19 01:06:21,Ride,6182,5109.0,27.01,12.956,5.287,172.0,181.0,550.2,622.0,10.7,-0.1,79.0,144
2024-01-28 02:22:00,Ride,1032,1008.0,5.58,12.156,5.541,48.0,58.0,545.4,583.0,46.6,-0.1,210.0,143
2024-01-28 15:56:14,Ride,2146,1408.0,6.58,9.029,4.676,79.0,41.0,552.2,615.8,27.9,0.6,103.0,142
2024-02-20 00:12:07,Ride,4489,3940.0,23.47,13.484,5.958,140.0,148.0,551.8,608.2,9.6,-0.1,87.0,141
2024-02-24 01:30:48,Ride,10652,7279.0,43.0,12.174,5.907,219.0,236.0,541.8,608.2,15.5,-0.1,76.0,140
2024-03-01 01:50:13,Ride,10497,5448.0,30.43,10.772,5.586,152.0,150.0,548.8,600.0,28.8,0.0,81.0,139
2024-03-03 01:31:10,Ride,7921,6312.0,31.76,12.718,5.032,198.0,205.0,549.2,609.4,11.6,-0.1,68.0,138
2024-03-05 00:43:09,Ride,8517,6490.0,39.22,14.314,6.043,267.0,273.0,545.4,655.4,14.7,-0.1,98.0,137
2024-03-10 01:58:37,Ride,3587,2705.0,17.02,13.11,6.292,79.0,90.0,558.4,605.2,28.6,-0.1,97.0,136
2024-03-15 01:23:07,Ride,4505,4037.0,15.83,9.532,3.922,124.0,112.0,563.4,607.4,42.4,0.1,54.0,135
2024-03-16 22:39:54,Ride,16239,15470.0,100.24,12.9,6.48,442.0,464.0,558.2,635.4,31.5,0.0,92.0,134
2024-03-24 00:09:09,Ride,9208,8132.0,54.66,15.61,6.722,323.0,368.0,545.6,644.2,18.5,-0.1,98.0,133
2024-03-24 04:31:31,Ride,1235,1142.0,7.06,10.344,6.185,47.0,22.0,589.8,633.8,26.1,0.6,109.0,132
2024-03-29 01:14:21,Ride,1590,1356.0,6.33,11.372,4.673,51.0,34.0,571.2,618.4,39.3,0.4,80.0,131
2024-03-29 01:41:24,Ride,2624,1659.0,5.3,8.502,3.197,79.0,103.0,528.6,671.2,46.3,0.9,133.0,130
2024-03-29 02:25:26,Ride,7371,1901.0,8.0,8.904,4.213,46.0,38.0,539.8,624.4,8.5,-0.5,60.0,129
2024-03-30 01:25:27,Ride,1972,1291.0,5.97,8.75,4.624,67.0,85.0,584.8,640.8,43.1,-0.1,156.0,128
2024-03-31 00:32:56,Ride,9388,7615.0,50.46,12.842,6.628,222.0,234.0,534.6,599.2,10.4,0.0,81.0,127
2024-04-06 00:50:32,Ride,14850,12427.0,80.21,16.178,6.455,672.2,626.0,561.3,654.2,33.2,0.0,109.0,126
2024-04-09 00:37:29,Ride,12497,7571.0,46.08,11.691,6.087,251.0,271.0,533.2,611.6,26.8,-0.1,74.0,125
2024-04-21 00:43:05,Ride,12001,4883.0,31.73,18.03,6.5,188.0,216.0,542.6,655.0,16.2,-0.1,95.0,124
2024-04-21 04:06:25,Ride,634,634.0,2.46,6.624,3.892,29.7,700.0,569.3,599.1,9.3,1.2,67.0,123
2024-04-27 00:48:03,Ride,9165,8392.0,66.24,18.632,7.893,358.0,413.0,534.2,633.8,14.9,-0.1,114.0,122
2024-04-27 03:21:42,Ride,4462,1318.0,6.6,9.528,5.013,55.0,18.0,566.2,608.6,46.1,0.6,82.0,121
2024-05-11 01:51:04,Ride,2168,2093.0,8.17,10.812,3.905,117.0,116.0,587.0,681.8,16.3,0.1,84.0,120
2024-05-14 00:44:34,Ride,9599,6409.0,36.39,13.512,5.678,229.0,234.0,549.8,653.6,12.0,0.0,80.0,119
2024-05-16 01:29:46,Ride,7838,5604.0,35.04,11.414,6.254,229.0,227.0,548.6,598.4,45.2,0.0,218.0,118
2024-05-18 13:54:54,Ride,35594,27217.0,158.07,17.93,5.808,1694.0,1424.0,554.9,1042.5,32.7,0.0,94.0,117
2024-05-25 00:46:11,Ride,6275,5361.0,30.06,9.82,5.608,118.0,161.0,543.0,609.6,7.6,-0.2,67.0,116
2024-05-25 03:43:47,Ride,3067,1156.0,5.67,10.634,4.908,52.0,16.0,570.4,611.8,27.6,0.6,102.0,115
2024-06-11 01:11:42,Ride,7733,5138.0,30.34,14.93,5.905,194.0,187.0,564.2,657.6,41.2,0.0,86.0,114
2024-06-15 01:03:59,Ride,4610,3795.0,21.11,20.692,5.564,164.0,164.0,559.0,659.4,19.7,-0.1,88.0,113
2024-06-20 00:48:43,Ride,6043,5400.0,33.45,15.956,6.195,267.0,280.0,604.0,659.2,29.7,0.0,112.0,112
2024-06-22 01:42:36,Ride,4959,4675.0,26.58,15.134,5.687,165.0,161.0,562.6,610.8,15.3,0.0,87.0,111
2024-06-23 00:41:33,Ride,11959,9601.0,57.39,15.774,5.978,349.0,355.0,554.0,644.0,22.4,0.0,85.0,110
2024-07-10 01:28:00,Ride,5014,4810.0,27.16,13.925,5.648,188.0,189.0,549.2,649.0,8.2,-0.1,87.0,109
2024-09-08 00:58:11,Ride,12814,4533.0,18.05,12.246,3.983,92.0,99.0,556.6,611.4,19.0,-0.1,51.0,108
2024-09-14 00:52:39,Ride,16767,8171.0,53.03,12.567,6.491,317.0,323.0,544.0,604.0,28.9,0.0,103.0,107
2024-09-29 00:45:00,Ride,13288,10480.0,64.81,16.838,6.184,350.0,368.0,539.2,614.2,16.3,0.0,83.0,106
2024-10-05 00:38:38,Ride,12457,9276.0,53.69,11.13,5.789,275.0,282.0,545.4,597.8,39.8,0.0,75.0,105
2024-10-13 00:46:01,Ride,11506,9034.0,56.05,15.12,6.205,363.0,377.0,542.8,624.6,17.7,0.0,99.0,104
2024-10-20 02:27:35,Ride,5435,5000.0,25.44,16.966,5.088,388.0,391.0,592.0,874.6,38.5,-0.1,123.0,103
2024-10-21 23:27:40,Ride,5880,5185.0,32.02,17.81,6.176,225.0,234.0,560.0,656.4,23.7,-0.1,106.0,102
2024-10-26 00:00:57,Ride,17557,13966.0,101.44,15.18,7.264,668.0,664.0,539.6,645.0,23.1,0.0,148.0,101
2024-10-28 00:02:46,Ride,14207,12082.0,71.86,17.42,5.948,660.0,681.0,568.6,867.2,39.2,-0.1,104.0,100
2024-10-30 00:58:42,Ride,7082,6804.0,51.21,13.34,7.528,182.0,216.0,536.4,596.8,5.5,-0.1,102.0,99
2024-10-30 03:36:40,Ride,1834,1530.0,8.12,9.4,5.307,49.0,24.0,556.6,599.6,9.5,0.3,96.0,98
2024-11-06 01:46:23,Ride,6974,3133.0,19.53,13.8,6.235,104.0,111.0,548.2,608.8,11.8,-0.1,93.0,97
2024-11-15 00:53:31,Ride,10613,6687.0,35.01,15.94,5.236,301.0,302.0,546.4,660.2,36.6,0.0,87.0,96
2024-11-16 00:47:48,Ride,22249,8084.0,46.8,14.0,5.789,270.0,280.0,540.8,606.6,15.7,0.0,76.0,95
2024-11-20 01:09:54,Ride,26148,18920.0,118.35,18.16,6.256,955.0,1007.0,38.4,163.0,47.2,0.0,105.0,94
2024-11-21 01:01:52,Ride,36328,25990.0,126.21,15.42,4.856,1651.0,1163.0,-25.0,609.0,33.0,0.4,104.0,93
2024-11-22 01:00:38,Ride,22167,16539.0,91.98,18.16,5.562,1064.0,1060.0,469.6,613.8,40.0,0.0,102.0,92
2024-11-23 01:03:48,Ride,25033,19165.0,113.68,18.02,5.932,995.0,1562.0,19.4,614.6,47.1,-0.5,94.0,91
2024-11-26 01:18:18,Ride,7101,5230.0,31.06,15.576,5.939,188.0,181.0,551.6,602.6,26.0,0.0,204.0,90
2024-11-27 01:22:27,Ride,7059,6466.0,35.87,15.9,5.548,218.0,232.0,545.0,621.6,11.1,-0.1,186.0,89
2024-11-28 00:43:23,Ride,11682,6963.0,38.0,12.61,5.458,269.0,262.0,537.4,651.4,10.8,-0.1,87.0,88
2024-12-05 00:40:30,Ride,8528,6794.0,42.9,15.22,6.314,224.0,265.0,540.0,607.2,25.0,-0.1,81.0,87
2024-12-07 00:40:50,Ride,8651,7294.0,46.23,14.62,6.338,212.0,255.0,541.2,609.4,21.8,-0.1,88.0,86
2024-12-07 03:46:03,Ride,1103,1061.0,5.67,8.66,5.35,52.0,20.0,571.4,617.4,14.5,0.7,106.0,85
2024-12-08 01:10:06,Ride,1272,1225.0,8.01,13.0,6.54,46.0,55.0,563.0,605.4,36.6,-0.1,105.0,84
2024-12-10 00:47:52,Ride,9547,5350.0,33.01,18.78,6.171,224.0,236.0,542.0,655.4,11.3,-0.1,101.0,83
2024-12-12 00:42:09,Ride,9766,5926.0,35.38,13.62,5.971,221.0,269.0,547.2,662.0,44.7,-0.2,89.0,82
2024-12-14 00:49:43,Ride,15465,9396.0,59.43,12.017,6.326,257.0,270.0,522.0,603.4,9.3,0.0,95.0,81
2024-12-17 00:36:05,Ride,11099,7285.0,48.04,19.38,6.595,292.0,311.0,542.2,636.6,17.1,-0.1,105.0,80
2024-12-19 00:52:50,Ride,11293,5468.0,33.59,14.18,6.144,229.0,241.0,537.2,652.4,12.0,-0.1,107.0,79
2024-12-20 00:50:29,Ride,24131,18460.0,103.77,19.62,5.622,1419.0,793.0,575.8,1304.4,46.3,0.7,133.0,78
2024-12-29 01:33:55,Ride,8389,4607.0,19.68,9.5,4.272,131.0,139.0,552.6,608.4,10.8,-0.1,57.0,77
2025-01-02 02:34:18,Ride,5851,3253.0,20.0,12.64,6.15,110.0,117.0,547.8,611.6,15.4,-0.1,92.0,76
2025-01-04 00:53:12,Ride,6745,6139.0,36.87,12.68,6.006,227.0,227.0,560.2,666.0,24.4,0.0,91.0,75
2025-01-04 18:38:30,Ride,33614,25304.0,162.69,15.96,6.429,934.0,1494.0,43.4,684.0,20.2,-0.3,86.0,74
2025-02-19 00:36:14,Ride,13425,7469.0,46.87,13.92,6.276,263.0,261.0,526.6,607.4,9.5,-0.1,96.0,73
2025-02-26 00:33:24,Ride,11467,7162.0,43.33,16.52,6.05,264.0,283.0,539.6,633.6,9.7,-0.1,83.0,72
2025-03-01 00:39:07,Ride,9054,7803.0,54.02,17.52,6.923,313.0,358.0,551.4,636.0,16.7,-0.1,92.0,71
2025-03-01 03:57:50,Ride,1318,1274.0,6.18,7.14,4.853,43.0,10.0,581.2,620.8,10.4,0.6,68.0,70
2025-03-09 01:43:43,Ride,9536,7106.0,22.03,12.0,3.101,457.0,474.0,584.8,986.4,34.7,0.2,130.0,69
2025-03-15 01:05:14,Ride,7376,6887.0,45.01,16.3,6.535,276.0,284.0,555.8,645.2,14.4,0.0,98.0,68
2025-03-20 23:37:36,Ride,5018,4920.0,34.36,12.34,6.985,184.0,193.0,545.2,605.6,9.6,0.0,105.0,67
2025-03-27 00:26:00,Ride,4939,4566.0,28.68,13.68,6.283,193.0,205.0,559.0,650.4,12.0,0.0,104.0,66
2025-03-29 00:28:13,Ride,14964,9744.0,57.12,15.26,5.862,403.0,415.0,541.0,632.4,14.2,0.0,89.0,65
2025-03-31 00:50:16,Ride,10728,7199.0,47.02,13.54,6.532,291.0,294.0,546.6,604.4,9.5,0.0,100.0,64
2025-04-04 23:33:51,Ride,17006,14867.0,101.88,18.74,6.853,670.0,724.0,537.4,642.8,11.5,-0.1,99.0,63
2025-04-13 01:08:29,Ride,12103,5907.0,37.37,13.68,6.327,250.0,257.0,540.2,652.2,11.3,-0.1,111.0,62
2025-04-18 00:25:22,Ride,9885,7403.0,44.53,14.8,6.016,265.0,276.0,555.6,646.4,8.0,-0.1,79.0,61
2025-05-01 00:23:39,Ride,14107,8786.0,55.96,15.0,6.369,293.0,305.0,539.4,613.2,15.8,0.0,82.0,60
2025-05-06 00:29:25,Ride,7576,6850.0,45.17,14.92,6.595,282.0,294.0,551.6,638.8,12.1,0.0,94.0,59
2025-05-08 00:38:27,Ride,7363,7018.0,43.07,15.24,6.138,260.0,276.0,545.8,641.8,13.1,-0.1,91.0,58
2025-05-10 00:27:36,Ride,10557,7901.0,57.15,13.46,7.234,281.0,290.0,536.6,620.0,11.0,0.0,104.0,57
2025-05-18 00:50:48,Ride,6859,6426.0,43.08,15.7,6.705,443.0,454.0,575.2,657.8,18.0,-0.1,129.0,56
2025-05-20 00:32:28,Ride,13730,9130.0,54.15,14.18,5.932,269.0,276.0,543.0,612.6,14.5,0.0,73.0,55
2025-05-26 00:35:33,Ride,5238,5065.0,35.81,10.05,7.071,33.0,43.0,6.2,17.0,30.5,0.0,100.0,54
2025-05-28 00:15:40,Ride,6462,6421.0,46.2,10.02,7.195,69.0,75.0,7.6,19.2,16.7,0.0,108.0,53
2025-05-30 23:54:02,Ride,9241,8990.0,64.42,10.5,7.166,91.0,100.0,2.6,27.6,18.0,0.0,100.0,52
2025-06-03 00:46:05,Ride,7277,7277.0,50.39,10.88,6.925,96.0,105.0,4.6,37.2,15.2,0.0,90.0,51
2025-06-06 00:23:12,Ride,5461,5295.0,35.87,10.66,6.776,50.0,53.0,11.0,24.2,11.6,0.0,87.0,50
2025-06-12 00:26:51,Ride,6504,6152.0,40.29,11.28,6.55,64.3,179.0,8.2,23.1,12.3,0.0,81.0,49
2025-06-14 00:04:45,Ride,5741,5685.0,37.29,11.62,6.56,95.0,101.0,10.8,40.8,14.1,0.0,88.0,48
2025-06-22 01:49:16,Ride,6584,5918.0,33.47,13.64,5.655,186.0,182.0,564.0,608.8,39.7,0.0,83.0,47
2025-06-28 00:37:19,Ride,12998,9284.0,51.13,12.9,5.508,347.0,409.0,369.2,631.8,49.3,-0.3,81.0,46
2025-07-12 00:45:49,Ride,9875,7847.0,44.23,11.8,5.637,258.0,245.0,556.0,600.0,16.6,0.0,74.0,45
2025-07-19 01:02:25,Ride,9493,7007.0,39.74,14.11,5.672,195.0,206.0,546.4,604.8,9.9,0.0,68.0,44
2025-08-03 00:45:05,Ride,8956,8648.0,57.21,15.18,6.616,312.0,318.0,551.0,617.6,14.4,0.0,98.0,43
2025-09-05 00:41:27,Ride,6114,4353.0,26.26,14.18,6.034,177.0,202.0,551.0,590.8,27.3,-0.1,100.0,42
2025-09-05 03:40:28,Ride,1096,1022.0,5.36,11.3,5.244,52.0,16.0,552.6,587.4,14.6,0.6,116.0,41
2025-09-13 01:58:53,Ride,8575,5625.0,31.12,15.38,5.534,199.0,203.0,557.4,652.8,23.5,0.0,75.0,40
2025-10-05 02:21:04,Ride,1937,1887.0,10.05,14.52,5.327,101.0,106.0,580.4,656.2,23.1,-0.2,90.0,39
2025-10-19 01:01:07,Ride,8584,8010.0,50.54,14.34,6.31,305.0,312.0,553.0,609.0,19.8,0.0,89.0,38
2025-10-21 01:13:13,Ride,3744,3457.0,21.12,14.02,6.112,109.0,119.0,552.8,610.4,9.0,-0.1,85.0,37
2025-10-29 00:48:48,Ride,6571,6477.0,37.95,14.28,5.859,218.0,259.0,554.6,640.6,7.3,-0.1,68.0,36
2025-10-29 03:29:33,Ride,1351,1299.0,6.32,7.86,4.865,41.0,7.0,580.2,624.4,20.0,0.7,72.0,35
2025-11-09 00:48:55,Ride,5565,5531.0,30.99,16.8,5.604,216.0,227.0,549.0,649.0,14.4,-0.1,79.0,34
2025-11-16 01:02:52,Ride,9472,6991.0,38.78,10.28,5.547,200.0,219.0,533.8,603.6,10.1,-0.1,77.0,33
2025-11-23 00:40:39,Ride,7128,6487.0,40.01,14.62,6.169,246.0,289.0,556.0,641.6,8.2,-0.1,81.0,32
2025-11-23 03:39:12,Ride,1304,1247.0,6.04,8.7,4.849,52.0,16.0,584.2,624.6,23.9,0.2,80.0,31
2025-11-25 01:17:38,Ride,7377,5182.0,31.04,14.54,5.99,200.0,206.0,552.4,647.6,10.9,-0.1,89.0,30
2025-11-29 00:35:45,Ride,8333,7167.0,52.65,15.233,7.346,279.0,320.0,554.0,640.4,12.9,-0.1,126.0,29
2025-11-29 04:13:31,Ride,1125,1058.0,5.65,9.25,5.34,41.0,7.0,582.8,627.8,28.0,0.8,106.0,28
2025-12-05 01:24:17,Ride,235,213.0,1.5,10.16,7.063,3.0,18.0,581.2,600.0,18.2,-1.0,87.0,27
2025-12-11 00:56:22,Ride,9224,5030.0,31.04,15.82,6.172,190.0,217.0,544.2,657.0,30.8,-0.1,102.0,26
2025-12-14 00:56:11,Ride,10397,8466.0,56.37,11.92,6.659,264.0,281.0,526.4,601.4,14.1,0.0,102.0,25
2025-12-26 00:54:07,Ride,6207,6141.0,40.11,13.02,6.533,211.0,260.0,555.2,609.6,8.0,-0.1,99.0,24
2025-12-29 01:25:30,Ride,7198,4204.0,23.31,10.6,5.545,146.0,161.0,550.8,616.6,21.5,-0.1,104.0,23
2026-01-07 01:12:45,Ride,6566,6485.0,40.08,14.04,6.181,227.0,237.0,548.6,609.8,11.9,-0.1,99.0,22
2026-02-24 01:24:28,Ride,4112,4090.0,25.24,14.36,6.171,170.0,170.0,543.2,595.6,17.5,0.0,124.0,21
2026-02-27 01:05:01,Ride,6028,5155.0,31.96,12.44,6.2,171.0,185.0,545.6,615.0,19.0,-0.1,95.0,20
2026-02-28 00:34:19,Ride,8677,7797.0,53.06,16.84,6.805,301.0,355.0,538.4,642.8,26.1,-0.1,106.0,19
2026-02-28 05:00:12,Ride,1104,991.0,4.76,8.66,4.807,48.0,8.0,567.6,617.0,36.4,1.0,111.0,18
2026-03-01 01:13:06,Ride,9339,5083.0,30.76,14.82,6.052,214.0,227.0,540.6,653.2,16.7,-0.1,104.0,17
2026-03-05 01:48:21,Ride,4204,3773.0,24.47,13.42,6.487,132.0,145.0,548.8,614.2,22.2,-0.1,92.0,16
2026-03-07 00:51:26,Ride,11057,8200.0,52.14,16.6,6.359,328.0,345.0,537.0,624.0,13.7,-0.1,101.0,15
2026-03-14 00:54:46,Ride,7298,7014.0,50.04,13.74,7.135,252.0,305.0,541.8,608.6,8.9,-0.1,108.0,14
2026-03-14 03:34:51,Ride,1053,1012.0,5.36,9.82,5.299,42.0,7.0,569.4,611.6,48.9,0.8,113.0,13
2026-03-21 00:28:55,Ride,155,155.0,0.98,9.5,6.368,0.0,15.0,584.2,601.0,0.6,-1.7,60.0,12
2026-03-21 00:31:16,Ride,7173,7156.0,53.22,13.82,7.437,283.0,314.0,553.4,641.0,40.0,-0.1,124.0,11
2026-03-21 02:53:50,Ride,1109,1026.0,5.61,8.34,5.474,47.0,8.0,569.4,615.4,38.2,0.8,120.0,10
2026-03-22 00:51:07,Ride,8490,6278.0,35.2,15.6,5.607,275.0,283.0,573.4,654.8,16.0,0.0,91.0,9
2026-03-25 00:53:52,Ride,6046,6001.0,40.11,16.74,6.684,217.0,271.0,542.8,643.0,11.1,-0.2,110.0,8
2026-03-25 03:14:16,Ride,932,932.0,5.13,8.86,5.504,48.0,6.0,569.4,614.2,46.2,0.9,125.0,7
2026-03-26 01:19:04,Ride,14228,6535.0,43.42,12.98,6.645,219.0,236.0,538.8,600.0,17.2,0.0,101.0,6
2026-03-30 01:01:56,Ride,6709,5718.0,34.68,12.62,6.065,207.0,217.0,555.2,660.6,25.0,0.0,99.0,5
2026-04-08 01:04:39,Ride,6137,5899.0,30.04,18.88,5.093,437.0,452.0,581.0,881.0,35.3,-0.1,129.0,4
2026-04-11 01:06:11,Ride,3752,3692.0,23.81,10.98,6.45,127.0,126.0,562.0,605.2,18.2,0.0,96.0,3
2026-04-12 01:39:24,Ride,4854,4771.0,32.05,12.82,6.718,153.0,202.0,546.2,606.4,7.9,-0.2,93.0,2
2026-04-12 04:18:07,Ride,986,986.0,5.3,9.16,5.375,46.0,5.0,575.0,618.2,8.5,0.5,105.0,1
