File,Date,Distance
10000143648.fit,2023-06-23 23:38:55,55018.53
10033161655.fit,2023-06-29 00:37:28,700.0
10039772722.fit,2023-06-30 00:52:41,18911.63
10059445923.fit,2023-07-03 01:32:29,16840.34
10065513996.fit,2023-07-04 00:17:45,31060.06
10076599728.fit,2023-07-05 14:41:55,0.0
10098534799.fit,2023-07-09 02:01:25,930.19
10098817221.fit,2023-07-09 02:11:19,36621.98
10105644404.fit,2023-07-10 01:53:01,10018.64
10119169864.fit,2023-07-12 02:18:46,9066.75
10132235665.fit,2023-07-14 01:56:08,12474.18
10144696298.fit,2023-07-16 01:22:34,13198.82
10144926616.fit,2023-07-16 02:21:43,5637.78
10144926667.fit,2023-07-16 02:58:52,8832.53
10185005150.fit,2023-07-21 23:34:24,69124.45
10191646411.fit,2023-07-22 23:14:37,42847.9
10204588635.fit,2023-07-24 22:45:04,42344.23
10204588869.fit,2023-07-25 00:19:50,9134.61
10211377994.fit,2023-07-25 22:46:21,37384.96
10211378355.fit,2023-07-26 00:10:06,9135.35
10218077725.fit,2023-07-26 22:52:48,36105.46
10218265660.fit,2023-07-27 00:19:05,6244.0
10224487307.fit,2023-07-27 22:50:32,32592.66
10311772081.fit,2023-08-10 01:14:52,5052.1
10318826420.fit,2023-08-11 01:48:56,6015.31
10325222738.fit,2023-08-12 01:36:08,6012.0
10345589311.fit,2023-08-15 00:51:15,3011.4
10345627508.fit,2023-08-15 01:13:22,945.14
10353396504.fit,2023-08-16 02:09:38,3020.71
10367385521.fit,2023-08-18 01:33:39,4013.58
10380684495.fit,2023-08-20 01:44:58,5030.1
10409613050.fit,2023-08-24 01:23:45,5011.66
10422384182.fit,2023-08-26 01:55:03,5028.57
10429322151.fit,2023-08-27 01:32:20,12024.69
10476451616.fit,2023-09-03 01:04:42,21478.49
10497206114.fit,2023-09-06 00:05:44,1490.38
10497470843.fit,2023-09-06 00:09:18,21913.73
10612567472.fit,2023-09-23 00:01:21,11201.21
10612759943.fit,2023-09-23 02:26:56,6183.87
10626519462.fit,2023-09-25 00:01:29,30689.7
10659057555.fit,2023-09-30 00:56:43,4011.08
10693071062.fit,2023-10-05 00:24:41,2423.46
10693188283.fit,2023-10-05 00:31:11,7678.18
10693257791.fit,2023-10-05 01:06:25,3741.93
10699904712.fit,2023-10-06 02:21:48,5021.8
10700083979.fit,2023-10-06 03:53:05,5384.06
10757497832.fit,2023-10-15 01:26:42,10132.11
10812849467.fit,2023-10-24 00:53:05,36246.84
10815740476.fit,2023-10-24 03:34:21,5263.85
10825234950.fit,2023-10-26 00:19:24,40360.07
10825365660.fit,2023-10-26 03:05:11,3517.61
10825576055.fit,2023-10-26 04:40:26,6672.39
10836301874.fit,2023-10-28 00:38:32,31022.38
10836439284.fit,2023-10-28 03:32:33,4005.51
10854700317.fit,2023-10-31 00:04:34,27468.14
10860877501.fit,2023-11-01 00:26:16,40146.56
10861010492.fit,2023-11-01 03:19:27,5510.86
10866899446.fit,2023-11-01 23:44:56,10131.56
10866968278.fit,2023-11-02 00:23:59,4085.84
10867088899.fit,2023-11-02 00:43:20,4813.03
10878287125.fit,2023-11-04 00:52:44,32212.26
10903599630.fit,2023-11-08 00:33:46,46135.53
10903684458.fit,2023-11-08 03:13:21,5875.07
10915359515.fit,2023-11-10 00:23:33,31351.46
10915525328.fit,2023-11-10 03:17:03,5767.31
10939066350.fit,2023-11-14 00:38:04,39949.84
10939168045.fit,2023-11-14 03:28:03,5503.62
10962414932.fit,2023-11-17 23:00:56,73670.82
10962597016.fit,2023-11-18 03:45:51,5506.98
10986602797.fit,2023-11-22 00:42:41,27589.82
11005772293.fit,2023-11-25 12:19:05,4046.97
11053876832.fit,2023-12-04 00:19:33,37202.8
11059110743.fit,2023-12-05 00:41:42,33618.89
11070450098.fit,2023-12-07 00:42:12,48250.07
11080639019.fit,2023-12-09 00:33:36,62234.82
11086049670.fit,2023-12-10 02:32:43,19151.36
11102787964.fit,2023-12-13 00:42:38,37518.67
11113295584.fit,2023-12-15 00:42:30,38071.22
11160490567.fit,2023-12-24 00:50:33,31264.43
11224771838.fit,2024-01-03 23:46:35,30018.17
11231902535.fit,2024-01-05 00:33:51,45715.34
11232002951.fit,2024-01-05 03:39:10,6131.18
11258492221.fit,2024-01-09 00:40:53,21031.67
11279324062.fit,2024-01-12 00:45:13,52347.85
11279386233.fit,2024-01-12 03:30:10,7024.29
11285542788.fit,2024-01-13 00:58:43,55035.09
11321487486.fit,2024-01-18 10:44:59,34259.01
11325678423.fit,2024-01-19 01:06:21,27016.73
11385055423.fit,2024-01-28 02:22:00,5585.65
11390362575.fit,2024-01-28 15:56:14,6583.41
11485535326.fit,2024-02-11 06:56:55,
11543822476.fit,2024-02-20 00:12:07,23477.76
11553859667.fit,2024-02-21 13:02:47,0.0
11566552046.fit,2024-02-23 11:34:30,0.0
11571114130.fit,2024-02-24 01:30:48,43001.85
11587643141.fit,2024-02-26 11:34:31,0.0
11613932308.fit,2024-03-01 01:50:13,30434.91
11615392037.fit,2024-03-01 11:30:25,0.0
11626993955.fit,2024-03-03 01:31:10,31762.74
11638151042.fit,2024-03-04 12:44:21,0.0
11644794169.fit,2024-03-05 00:43:09,39221.44
11657862539.fit,2024-03-06 12:05:23,0.0
11683738290.fit,2024-03-10 01:58:37,17020.2
11708161011.fit,2024-03-13 12:55:19,0.0
11720285664.fit,2024-03-15 01:23:07,15834.42
11734379438.fit,2024-03-16 22:39:54,100248.06
11744854688.fit,2024-03-18 12:37:43,0.0
11745192026.fit,2024-03-18 12:54:03,0.0
11759883344.fit,2024-03-20 12:38:49,0.0
11760188475.fit,2024-03-20 12:48:02,0.0
11785558115.fit,2024-03-24 00:09:09,54666.72
11785770074.fit,2024-03-24 04:31:31,7063.47
11809932969.fit,2024-03-27 12:27:52,0.0
11810322803.fit,2024-03-27 12:37:39,0.0
11821008922.fit,2024-03-29 01:14:21,6336.26
11821133761.fit,2024-03-29 01:41:24,5304.04
11821365651.fit,2024-03-29 02:25:26,8008.17
11821597825.fit,2024-03-29 05:39:20,0.0
11828192780.fit,2024-03-30 01:25:27,5971.43
11836712684.fit,2024-03-31 00:32:56,50468.9
11846847961.fit,2024-04-01 11:40:52,0.0
11847648246.fit,2024-04-01 11:55:25,0.0
11861890817.fit,2024-04-03 11:21:01,0.0
11862210300.fit,2024-04-03 11:43:18,0.0
11876571866.fit,2024-04-05 12:32:27,263.08
11877017481.fit,2024-04-05 12:37:32,0.0
11881181710.fit,2024-04-06 00:50:32,80217.6
11888959716.fit,2024-04-07 01:58:05,3674.87
11899696542.fit,2024-04-08 11:33:32,0.0
11900271384.fit,2024-04-08 11:43:35,0.0
11905258039.fit,2024-04-09 00:37:29,46082.74
11915932230.fit,2024-04-10 12:45:30,0.0
11920807654.fit,2024-04-11 02:09:59,3810.3
11931156332.fit,2024-04-12 12:51:55,0.0
11935290755.fit,2024-04-13 01:38:41,5505.03
11935291578.fit,2024-04-13 02:25:17,963.76
11954539566.fit,2024-04-15 11:43:49,0.0
11954561419.fit,2024-04-15 11:47:12,0.0
11955144235.fit,2024-04-15 11:54:31,0.0
11967587554.fit,2024-04-17 01:53:32,1672.46
11967588453.fit,2024-04-17 02:13:53,1091.79
11978075779.fit,2024-04-18 12:44:30,0.0
11984374507.fit,2024-04-19 11:24:47,0.0
11984736535.fit,2024-04-19 11:43:05,0.0
11996933016.fit,2024-04-21 04:06:25,2467.84
11997104805.fit,2024-04-21 00:43:05,31738.55
12006954725.fit,2024-04-22 11:30:20,0.0
12007438327.fit,2024-04-22 11:42:29,0.0
12022696660.fit,2024-04-24 12:00:05,0.0
12023074809.fit,2024-04-24 12:26:07,0.0
12027831492.fit,2024-04-25 01:40:24,7003.08
12042410270.fit,2024-04-27 00:48:03,66240.59
12042572550.fit,2024-04-27 03:21:42,6609.04
12050268143.fit,2024-04-28 01:31:39,10006.69
12050268584.fit,2024-04-28 02:50:46,1140.14
12074111245.fit,2024-05-01 00:17:35,5012.3
12090933638.fit,2024-05-03 00:34:55,7019.13
12106210596.fit,2024-05-05 01:13:17,5022.59
12121946964.fit,2024-05-06 23:43:40,7013.67
12121948318.fit,2024-05-07 00:41:06,2166.63
12154635729.fit,2024-05-11 01:51:04,8174.0
12172157883.fit,2024-05-13 06:23:15,0.0
12172402644.fit,2024-05-13 06:43:08,0.0
12179397727.fit,2024-05-14 00:44:34,36392.83
12190039888.fit,2024-05-15 11:29:50,0.0
12190641596.fit,2024-05-15 11:43:56,0.0
12196286579.fit,2024-05-16 01:29:46,35053.26
12203688892.fit,2024-05-17 04:37:24,0.0
12204002527.fit,2024-05-17 05:03:01,0.0
12218072520.fit,2024-05-18 13:54:54,158070.68
12230504076.fit,2024-05-20 12:39:43,0.0
12259995897.fit,2024-05-24 04:25:17,667.38
12260457975.fit,2024-05-24 04:38:23,0.0
12266723209.fit,2024-05-25 00:46:11,30068.71
12266986081.fit,2024-05-25 03:43:47,5679.02
12274774699.fit,2024-05-26 00:15:05,10009.64
12309902464.fit,2024-05-30 12:01:36,0.0
12310535193.fit,2024-05-30 12:13:42,0.0
12317753584.fit,2024-05-31 12:20:13,0.0
12341370078.fit,2024-06-03 11:39:25,0.0
12341878563.fit,2024-06-03 12:04:07,0.0
12404317272.fit,2024-06-11 01:11:42,30340.28
12415026180.fit,2024-06-12 11:09:38,0.0
12415878017.fit,2024-06-12 11:48:36,0.0
12435802389.fit,2024-06-15 01:03:59,21113.62
12443731491.fit,2024-06-16 01:15:13,5004.9
12454249187.fit,2024-06-17 11:24:45,0.0
12454703155.fit,2024-06-17 11:34:14,0.0
12472026795.fit,2024-06-19 12:18:26,0.0
12476858156.fit,2024-06-20 00:48:43,33452.99
12485135197.fit,2024-06-21 05:28:04,0.0
12485462453.fit,2024-06-21 05:35:33,0.0
12491764521.fit,2024-06-22 01:42:36,26593.69
12499859697.fit,2024-06-23 00:41:33,57392.03
12511083228.fit,2024-06-24 11:53:25,0.0
12516124957.fit,2024-06-25 01:38:36,3007.56
12519241570.fit,2024-06-25 11:21:45,0.0
12544873014.fit,2024-06-28 12:43:13,0.0
12575751456.fit,2024-07-02 13:01:08,3073.19
12577580518.fit,2024-07-02 13:30:10,2077.53
12638431513.fit,2024-07-10 01:28:00,27173.2
12641455432.fit,2024-07-10 12:40:59,0.0
12642085804.fit,2024-07-10 12:47:07,0.0
12646810822.fit,2024-07-11 02:02:14,5161.79
12656186892.fit,2024-07-12 06:42:56,0.0
12670962851.fit,2024-07-14 01:07:27,10027.8
12687431407.fit,2024-07-16 01:05:12,4002.55
12691296633.fit,2024-07-16 12:35:21,0.0
12700141410.fit,2024-07-17 11:54:20,0.0
12715474876.fit,2024-07-19 06:36:20,0.0
12722278980.fit,2024-07-20 02:00:05,12012.2
12751429623.fit,2024-07-23 11:46:59,0.0
12775007287.fit,2024-07-26 02:29:06,3014.04
12782916001.fit,2024-07-27 01:20:55,15006.92
12821150006.fit,2024-07-31 11:53:33,0.0
12843085574.fit,2024-08-03 01:27:01,9097.29
12869727999.fit,2024-08-06 01:59:43,0.0
12914118263.fit,2024-08-11 00:56:39,10013.39
12926464419.fit,2024-08-12 11:42:41,0.0
12979484136.fit,2024-08-18 02:13:57,2078.91
12979484519.fit,2024-08-18 02:30:01,2020.08
13001619715.fit,2024-08-20 11:26:41,0.0
13118543910.fit,2024-09-02 13:00:50,0.0
13171866862.fit,2024-09-08 00:58:11,18057.74
13184423930.fit,2024-09-09 12:44:58,0.0
13225015563.fit,2024-09-14 00:52:39,53037.89
13265110845.fit,2024-09-18 12:41:39,0.0
13336866000.fit,2024-09-26 14:01:29,11589.63
13343945525.fit,2024-09-27 11:45:19,0.0
13357814010.fit,2024-09-29 00:45:00,64812.59
13378322514.fit,2024-10-01 11:53:15,0.0
13384409478.fit,2024-10-02 03:26:07,12067.71
13404253135.fit,2024-10-04 11:38:07,0.0
13409447754.fit,2024-10-05 00:38:38,53695.28
13430642516.fit,2024-10-07 12:19:06,0.0
13461410781.fit,2024-10-11 02:51:53,0.0
13478200068.fit,2024-10-13 00:46:01,56056.42
13489947360.fit,2024-10-14 11:30:01,0.0
13537908419.fit,2024-10-20 02:27:35,25442.93
13550122457.fit,2024-10-21 12:44:40,0.0
13554982270.fit,2024-10-21 23:27:40,32022.89
13568058962.fit,2024-10-23 11:58:09,0.0
13585085340.fit,2024-10-25 12:45:08,0.0
13607904540.fit,2024-10-28 00:02:46,71861.33
13610624710.fit,2024-10-28 11:56:06,0.0
13625125889.fit,2024-10-30 00:58:42,51225.63
13625261614.fit,2024-10-30 03:36:40,8125.48
13625618277.fit,2024-10-30 05:19:53,0.0
13669813459.fit,2024-11-04 11:42:27,0.0
13670338647.fit,2024-11-04 11:57:25,0.0
13684751407.fit,2024-11-06 01:46:23,19535.03
13687949143.fit,2024-11-06 12:48:41,0.0
13701321175.fit,2024-11-08 02:40:37,0.0
13729490274.fit,2024-11-11 12:43:00,0.0
13746252704.fit,2024-11-13 11:45:57,0.0
13759649294.fit,2024-11-15 00:53:31,35015.41
13767609196.fit,2024-11-16 00:47:48,46801.34
13801095710.fit,2024-11-20 01:09:54,118354.6
13810469433.fit,2024-11-21 01:01:52,126216.18
13816189078.fit,2024-11-22 01:00:38,91985.15
13823064574.fit,2024-11-23 01:03:48,113684.04
13846062998.fit,2024-11-26 01:18:18,31061.64
13854350649.fit,2024-11-27 01:22:27,35872.56
13862094881.fit,2024-11-28 00:43:23,38016.63
13916510989.fit,2024-12-05 00:40:30,42922.15
13929811488.fit,2024-12-07 00:40:50,46232.21
13929944025.fit,2024-12-07 03:46:03,5676.97
13936781222.fit,2024-12-08 01:10:06,8015.44
13951695519.fit,2024-12-10 00:47:52,33013.51
13966972769.fit,2024-12-12 00:41:56,35386.13
13981550784.fit,2024-12-14 00:49:38,59436.06
14003979928.fit,2024-12-17 00:35:54,48044.4
14019323397.fit,2024-12-19 00:52:50,33595.35
14026832672.fit,2024-12-20 00:49:04,103775.36
14090919318.fit,2024-12-29 01:33:16,19681.14
14123942248.fit,2025-01-02 02:34:18,20006.39
14142052796.fit,2025-01-04 00:53:12,36878.81
14152037596.fit,2025-01-04 18:38:30,162690.44
14583076904.fit,2025-02-19 00:36:14,46882.58
14651661847.fit,2025-02-26 00:33:19,43332.14
14680091459.fit,2025-03-01 00:39:07,54023.6
14680276855.fit,2025-03-01 03:57:50,6184.26
14760246693.fit,2025-03-09 01:43:43,22033.89
14820265436.fit,2025-03-15 01:05:14,45013.52
14881166696.fit,2025-03-20 23:37:25,34368.54
14925105062.fit,2025-03-25 11:44:43,0.0
14942291713.fit,2025-03-27 00:25:51,28686.47
14955472509.fit,2025-03-28 11:50:09,0.0
14961672663.fit,2025-03-29 00:28:13,57122.28
14982184426.fit,2025-03-31 00:50:16,47032.71
14982928691.fit,2025-03-31 05:47:47,0.0
15006392932.fit,2025-04-02 11:47:33,0.0
15032898792.fit,2025-04-04 23:33:51,101879.64
15057251169.fit,2025-04-07 12:01:40,0.0
15077449061.fit,2025-04-09 10:54:32,0.0
15098055580.fit,2025-04-11 11:40:29,0.0
15114543360.fit,2025-04-13 01:08:29,37374.5
15164561736.fit,2025-04-18 00:25:17,44536.67
15164841202.fit,2025-04-18 04:12:22,0.0
15237529918.fit,2025-04-25 05:36:22,0.0
15300610026.fit,2025-05-01 00:23:39,55964.96
15316443411.fit,2025-05-02 12:07:43,0.0
15354628939.fit,2025-05-06 00:29:25,45182.35
15376532585.fit,2025-05-08 00:38:27,43077.75
15397117363.fit,2025-05-10 00:27:29,57156.56
15423182003.fit,2025-05-12 11:35:55,0.0
15446115915.fit,2025-05-14 11:40:50,0.0
15468191166.fit,2025-05-16 11:49:32,0.0
15486126556.fit,2025-05-18 00:50:31,43083.33
15502322363.fit,2025-05-19 11:46:01,0.0
15509922513.fit,2025-05-20 00:32:20,54157.6
15525400481.fit,2025-05-21 11:36:11,0.0
15575048657.fit,2025-05-26 00:35:28,35816.04
15597022854.fit,2025-05-28 00:15:40,46205.76
15612738047.fit,2025-05-29 12:50:08,4005.01
15613258615.fit,2025-05-29 13:34:18,1029.55
15629653905.fit,2025-05-30 23:54:02,64429.08
15663945142.fit,2025-06-03 00:46:05,50402.28
15697515408.fit,2025-06-06 00:23:12,35880.5
15747600420.fit,2025-06-10 15:01:23,992.94
15764850572.fit,2025-06-12 00:26:51,40295.61
15785838526.fit,2025-06-14 00:04:45,37291.07
15877423516.fit,2025-06-22 01:49:16,33469.56
15903496182.fit,2025-06-24 12:23:53,0.0
15904248451.fit,2025-06-24 12:33:51,0.0
15918016782.fit,2025-06-25 12:19:43,0.0
15959746650.fit,2025-06-29 10:38:26,53.9
15967392195.fit,2025-06-30 02:40:29,0.0
15994376932.fit,2025-07-02 11:42:23,0.0
16063560040.fit,2025-07-08 12:40:19,0.0
16074814018.fit,2025-07-09 10:55:04,0.0
16095624585.fit,2025-07-11 04:32:04,0.0
16105053232.fit,2025-06-28 00:37:19,51138.12
16105968485.fit,2025-07-12 00:45:49,44239.83
16134124889.fit,2025-07-14 11:51:51,0.0
16158737551.fit,2025-07-16 12:00:12,0.0
16182267682.fit,2025-07-18 11:37:36,0.0
16189551804.fit,2025-07-19 01:02:25,39743.22
16266960906.fit,2025-07-25 13:09:02,0.0
16324277511.fit,2025-07-30 12:14:01,0.0
16366847276.fit,2025-08-03 00:45:05,57219.85
16370551240.fit,2025-08-03 10:44:23,37.52
16378802122.fit,2025-08-04 03:17:35,0.0
16407935962.fit,2025-08-06 11:47:42,0.0
16542337483.fit,2025-08-17 12:37:11,97.95
16553386812.fit,2025-08-18 12:09:34,0.0
16575369547.fit,2025-08-20 05:54:50,0.0
16602201517.fit,2025-08-22 10:58:54,0.0
16602874499.fit,2025-08-22 11:11:53,0.0
16627923958.fit,2025-08-24 10:55:45,76.91
16640494881.fit,2025-08-25 11:48:24,0.0
16689628697.fit,2025-08-29 11:58:36,0.0
16737659666.fit,2025-09-02 11:29:10,0.0
16751547651.fit,2025-09-03 11:37:00,0.0
16761458709.fit,2025-09-04 06:32:13,0.0
16772141672.fit,2025-09-05 00:41:27,26264.23
16772457329.fit,2025-09-05 03:40:28,5366.13
16825286517.fit,2025-09-09 12:04:56,0.0
16861026125.fit,2025-09-12 11:52:12,0.0
16861226198.fit,2025-09-12 12:05:44,0.0
16861231567.fit,2025-09-12 12:16:52,0.0
16868508071.fit,2025-09-13 01:58:53,31126.52
16884609572.fit,2025-09-14 10:35:21,57.73
16893604224.fit,2025-09-15 06:24:18,0.0
16920197737.fit,2025-09-17 12:00:18,0.0
16989561846.fit,2025-09-23 12:38:29,0.0
17118747021.fit,2025-10-05 02:21:04,10053.76
17133756281.fit,2025-10-06 12:16:50,0.0
17157130100.fit,2025-10-08 12:21:44,0.0
17220522623.fit,2025-10-14 11:41:44,0.0
17263714042.fit,2025-10-18 12:14:36,3031.83
17270350141.fit,2025-10-19 01:01:07,50545.2
17290914854.fit,2025-10-21 01:13:13,21128.04
17373006876.fit,2025-10-29 00:48:48,37951.12
17373225586.fit,2025-10-29 03:29:33,6320.18
17376650907.fit,2025-10-29 11:47:56,0.0
17393100022.fit,2025-10-31 01:55:12,2015.06
17393101781.fit,2025-10-31 02:11:54,1332.51
17459225845.fit,2025-11-06 12:07:08,0.0
17469174065.fit,2025-11-07 11:55:05,0.0
17485698618.fit,2025-11-09 00:48:55,30999.36
17499800725.fit,2025-11-10 11:48:14,0.0
17521453953.fit,2025-11-12 11:49:38,0.0
17557706105.fit,2025-11-16 01:02:52,38783.43
17571206774.fit,2025-11-17 11:42:50,0.0
17581158906.fit,2025-11-18 12:17:27,0.0
17610787832.fit,2025-11-21 12:01:14,0.0
17616574414.fit,2025-11-22 02:55:23,4005.01
17626402599.fit,2025-11-23 00:40:39,40018.29
17626665762.fit,2025-11-23 03:39:12,6046.73
17639400661.fit,2025-11-24 11:53:24,0.0
17645779648.fit,2025-11-25 01:17:38,31042.08
17659643484.fit,2025-11-26 11:48:29,0.0
17684570238.fit,2025-11-29 00:35:45,52651.81
17684683061.fit,2025-11-29 04:13:31,5649.61
17742315815.fit,2025-12-05 01:24:17,1504.49
17760920047.fit,2025-12-07 00:50:48,51368.74
17808623314.fit,2025-12-11 00:56:22,31046.68
17826753470.fit,2025-12-14 00:56:11,56378.55
17838950747.fit,2025-12-15 12:05:56,0.0
17857457753.fit,2025-12-17 11:34:56,0.0
17901625649.fit,2025-12-22 11:28:25,0.0
17932783320.fit,2025-12-26 00:54:07,40118.51
17942076236.fit,2025-12-27 02:21:39,0.0
17962500138.fit,2025-12-29 01:25:30,23312.68
18057323915.fit,2026-01-07 01:12:45,40087.92
18060863581.fit,2026-01-07 11:51:58,0.0
18116262564.fit,2026-01-12 12:10:25,0.0
18137709928.fit,2026-01-14 06:24:23,0.0
18531949165.fit,2026-02-18 01:41:25,4007.95
18531951561.fit,2026-02-18 02:14:47,1006.99
18575797144.fit,2026-02-22 00:51:21,10123.12
18591221906.fit,2026-02-23 11:42:49,0.0
18598873689.fit,2026-02-24 01:24:28,25241.43
18614782928.fit,2026-02-25 11:44:42,0.0
18634682080.fit,2026-02-27 01:05:01,31963.54
18638341917.fit,2026-02-27 12:01:05,0.0
18645358216.fit,2026-02-28 00:34:19,53059.52
18645787107.fit,2026-02-28 05:00:12,4763.54
18657444012.fit,2026-03-01 01:13:06,30762.67
18669896382.fit,2026-03-02 03:40:12,0.0
18673078312.fit,2026-03-02 12:28:29,286.26
18684248815.fit,2026-03-03 10:41:00,43.54
18706529643.fit,2026-03-05 01:48:21,24475.08
18710789623.fit,2026-03-05 11:58:34,0.0
18721976102.fit,2026-03-06 11:59:16,0.0
18729234783.fit,2026-03-07 00:51:26,52146.82
18757760950.fit,2026-03-09 12:00:07,0.0
18802503302.fit,2026-03-13 02:41:12,0.0
18812899666.fit,2026-03-14 00:54:46,50042.74
18813081603.fit,2026-03-14 03:34:51,5364.04
18837086474.fit,2026-03-16 02:48:33,0.0
18896198826.fit,2026-03-21 00:28:55,987.1
18896853858.fit,2026-03-21 00:31:16,53227.05
18896988547.fit,2026-03-21 02:53:50,5621.05
18909584999.fit,2026-03-22 00:51:07,35199.43
18938902146.fit,2026-03-24 11:09:27,2298.74
18948218845.fit,2026-03-25 00:53:52,40110.63
18948444524.fit,2026-03-25 03:14:16,5129.67
18961013371.fit,2026-03-26 01:19:04,43424.31
19007898831.fit,2026-03-30 01:01:56,34691.86
19011883454.fit,2026-03-30 11:57:04,0.0
19037756342.fit,2026-04-01 12:04:15,0.0
19100409397.fit,2026-04-06 12:11:49,0.0
19122594752.fit,2026-04-08 01:04:39,30041.03
19150515558.fit,2026-04-09 11:18:05,0.0
19161975419.fit,2026-04-11 01:06:11,23812.99
19175377170.fit,2026-04-12 01:39:24,32049.62
19175599754.fit,2026-04-12 04:18:07,5299.69
19180702116.fit,2026-04-12 10:57:45,91.54
4452965762.fit,2020-10-07 00:36:50,35267.98
4457321671.fit,2020-10-08 00:10:30,36089.95
4461810190.fit,2020-10-09 00:32:44,60.92
4461811683.fit,2020-10-09 00:34:46,34001.93
4498243567.fit,2020-10-14 01:52:08,10405.69
4498243602.fit,2020-10-17 00:57:37,22176.06
4512997074.fit,2020-10-20 00:15:35,33153.6
4535475969.fit,2020-10-22 00:13:16,37178.3
4535475988.fit,2020-10-23 00:07:53,0.0
4535476051.fit,2020-10-25 00:45:51,50762.25
4544759393.fit,2020-10-27 00:08:05,35319.34
4549351857.fit,2020-10-28 00:24:44,35009.33
4553828234.fit,2020-10-29 00:15:18,35545.79
4561982513.fit,2020-10-30 23:49:01,11077.47
4561982544.fit,2020-10-31 01:11:54,29831.95
4561982584.fit,2020-10-31 02:29:30,17773.49
4567529709.fit,2020-11-01 00:40:13,36275.83
4576903186.fit,2020-11-03 00:28:25,32442.31
4581847327.fit,2020-11-04 00:34:49,40010.71
4586622349.fit,2020-11-05 00:30:27,32397.1
4625702396.fit,1999-08-22 00:01:23,10956.14
4625702493.fit,2020-10-06 13:08:34,0.11
4625702628.fit,2020-10-06 13:29:57,34.44
4625702781.fit,2020-10-14 01:51:04,0.0
4625702849.fit,2020-10-18 01:29:35,5214.24
4628835865.fit,2020-11-13 00:03:33,100160.66
4644164586.fit,2020-11-16 00:42:19,40773.61
4648557477.fit,2020-11-17 00:50:48,35196.67
4653739226.fit,2020-11-18 00:45:03,53188.8
4658698594.fit,2020-11-19 00:49:27,53052.77
4663385047.fit,2020-11-20 00:52:06,41406.04
4667913618.fit,2020-11-21 01:03:42,40432.69
4673500033.fit,2020-11-22 00:45:37,67013.81
4683880489.fit,2020-11-24 00:06:54,32610.1
4689025570.fit,2020-11-25 00:39:43,34339.09
4698481200.fit,2020-11-27 00:08:30,47152.98
4702982605.fit,2020-11-28 00:19:09,113080.1
4708119687.fit,2020-11-29 00:53:26,51708.37
4708119689.fit,2020-11-29 04:04:42,5318.17
4711283445.fit,2020-11-29 14:01:20,4732.99
4717914574.fit,2020-12-01 00:15:07,27360.3
4722573959.fit,2020-12-02 00:32:03,34875.31
4727070935.fit,2020-12-03 00:20:02,36003.76
4749281283.fit,2020-12-08 00:05:47,32908.47
4762742831.fit,2020-12-10 12:24:53,6502.97
4762742836.fit,2020-12-10 13:06:26,7006.06
4762742841.fit,2020-12-11 00:54:09,24548.21
4766666003.fit,2020-12-12 00:34:36,60684.26
4766666051.fit,2020-12-12 04:10:19,4459.23
4784789321.fit,2020-12-16 00:36:55,52838.83
4788866690.fit,2020-12-17 00:12:52,30019.16
4788866698.fit,2020-12-17 01:38:39,8712.39
4796980308.fit,2020-12-19 00:15:53,80015.67
4801677862.fit,2020-12-20 01:18:02,37849.08
4801677866.fit,2020-12-20 04:00:15,5154.2
4823599114.fit,2020-12-23 13:17:48,7074.72
4823599790.fit,2020-12-24 08:06:14,31971.74
4823600559.fit,2020-12-25 00:43:14,102035.52
4827247761.fit,2020-12-26 00:24:37,62308.81
4832303698.fit,2020-12-27 01:55:13,57096.96
4832303708.fit,2020-12-27 04:53:47,5192.5
4881169673.fit,2021-01-05 00:30:51,29212.26
4887033929.fit,2021-01-06 00:49:16,40039.34
4898033927.fit,2021-01-08 00:25:34,45201.92
4903299668.fit,2021-01-09 02:24:32,16952.85
4942364799.fit,2021-01-16 00:48:48,8766.65
4942364804.fit,2021-01-16 01:50:24,33751.49
4954824235.fit,2021-01-18 00:19:23,26997.62
4960358503.fit,2021-01-19 00:38:20,46750.72
4971250249.fit,2021-01-21 00:43:23,39638.15
4981865359.fit,2021-01-23 00:20:18,74413.1
4987985579.fit,2021-01-24 01:10:32,35512.15
4999394308.fit,2021-01-26 00:51:55,46020.03
5010628640.fit,2021-01-28 00:55:24,36457.02
5099431097.fit,1999-08-22 00:02:14,133794.72
5099466258.fit,1999-08-22 00:13:06,33028.17
5132113801.fit,2021-02-19 00:34:40,36351.4
5137187478.fit,2021-02-20 00:28:44,52516.96
5143795380.fit,2021-02-21 00:24:44,59204.49
5156343199.fit,2021-02-23 01:10:02,22483.59
5171523941.fit,2021-02-25 05:16:22,15643.98
5266611695.fit,1999-08-22 00:00:54,0.0
5266612241.fit,2020-11-16 02:54:58,0.0
5266612459.fit,1999-08-22 00:08:54,51214.6
5306741044.fit,2021-03-19 12:07:08,8441.79
5325672837.fit,2021-03-23 00:48:34,34523.47
5338226630.fit,2021-03-25 00:35:33,38220.83
5349456852.fit,2021-03-26 11:47:03,8127.5
5349456854.fit,2021-03-27 00:47:48,40203.19
5356018920.fit,2021-03-28 00:33:08,54937.53
5362760261.fit,2021-03-29 00:20:36,63830.21
5381790004.fit,1999-08-22 00:00:22,51711.58
5394085138.fit,2021-04-02 10:37:18,7277.9
5394085144.fit,2021-04-03 00:33:39,67615.84
5400198406.fit,2021-04-04 00:29:46,33392.13
5553730710.fit,2021-04-29 09:24:28,10967.51
5553747390.fit,1999-08-22 00:00:40,6816.37
5558290567.fit,2021-04-30 01:22:11,16571.26
5581731174.fit,2021-05-01 09:36:10,8229.01
5581731177.fit,2021-05-03 09:45:05,5689.25
5581731180.fit,2021-05-04 00:38:05,43851.73
5592857014.fit,2021-05-05 10:13:40,9709.79
5592857018.fit,2021-05-06 00:20:06,45451.6
5615883994.fit,2021-05-09 23:54:59,71942.89
5621308147.fit,2021-05-11 00:24:56,36044.73
5639141473.fit,2021-05-13 05:10:26,14521.73
5639141490.fit,2021-05-14 00:08:13,41121.99
5662128329.fit,2021-05-17 23:58:51,54495.06
5673904843.fit,2021-05-20 00:19:08,64966.38
5679339494.fit,2021-05-21 00:04:47,56955.47
5686378540.fit,2021-05-22 11:49:08,14857.31
5696193287.fit,2021-05-23 23:59:40,53492.93
5696193408.fit,2021-05-24 04:21:58,8247.29
5707468020.fit,2021-05-26 00:06:19,63291.18
5713166217.fit,2021-05-26 23:23:13,68378.06
5723856493.fit,2021-05-29 00:35:59,72015.1
5736348162.fit,2021-05-31 00:07:10,42250.19
5765977518.fit,2021-05-31 23:31:30,19456.7
5765977737.fit,2021-06-04 23:46:29,105073.86
5772110466.fit,2021-06-06 01:19:46,35657.02
5784207694.fit,2021-06-07 23:47:48,58330.96
5796426478.fit,2021-06-09 23:42:41,61301.04
5807206135.fit,2021-06-11 23:39:35,34968.25
5807206138.fit,2021-06-12 01:57:22,11964.02
5825025099.fit,2021-06-15 00:24:36,42772.64
5825025193.fit,2021-06-15 02:44:03,12349.74
5983992880.fit,2021-07-14 00:46:05,39121.37
6009437307.fit,2021-07-18 00:45:11,41058.68
6009455615.fit,2021-07-17 00:27:51,54844.97
6033905820.fit,2021-07-23 00:40:04,38172.23
6079397412.fit,2021-07-31 12:07:45,0.0
6079438692.fit,2021-07-31 12:14:51,0.0
6083075954.fit,2021-08-01 00:13:15,45337.39
6088880617.fit,2021-08-02 00:36:01,49721.53
6089579846.fit,2021-08-02 08:14:30,3918.04
6089850528.fit,2021-08-02 09:36:28,3711.65
6100994333.fit,2021-08-04 05:07:01,5859.7
6106084453.fit,2021-08-05 02:20:44,9295.6
6112331807.fit,2021-08-06 08:12:19,4065.77
6112609657.fit,2021-08-06 09:32:29,4368.53
6116668484.fit,2021-08-07 00:13:43,86869.23
6133371947.fit,2021-08-10 00:11:17,41446.18
6133544454.fit,2021-08-10 03:31:06,6697.57
6141343280.fit,2021-08-11 11:26:05,3981.77
6141758630.fit,2021-08-11 12:33:36,4838.12
6145369682.fit,2021-08-12 00:15:19,39627.56
6145416889.fit,2021-08-12 02:22:46,3456.75
6153081366.fit,2021-08-13 11:22:30,4110.77
6153081571.fit,2021-08-13 12:40:43,5280.2
6156342856.fit,2021-08-14 00:11:59,74243.91
6162037421.fit,2021-08-15 01:44:09,15814.87
6167952625.fit,2021-08-16 00:46:52,19959.9
6168354002.fit,2021-08-16 06:14:01,4967.97
6169009831.fit,2021-08-16 09:26:34,6542.94
6169459381.fit,2021-08-16 11:25:41,3992.26
6169835911.fit,2021-08-16 12:37:07,4343.3
6173255964.fit,2021-08-17 00:11:54,52251.07
6173288053.fit,2021-08-17 03:23:18,4865.12
6178941575.fit,2021-08-18 00:16:50,37648.17
6179104486.fit,2021-08-18 02:46:56,9882.94
6180529335.fit,2021-08-18 08:31:52,3048.33
6180628280.fit,2021-08-18 11:18:54,3924.93
6184333033.fit,2021-08-18 12:21:12,4603.39
6184722961.fit,2021-08-19 00:24:08,36088.58
6184836320.fit,2021-08-19 03:35:40,4061.85
6187409502.fit,2021-08-19 14:06:19,13375.09
6190213834.fit,2021-08-20 00:07:53,20750.19
6195617717.fit,2021-08-21 00:39:44,33964.42
6195774445.fit,2021-08-21 05:17:04,3916.52
6196051917.fit,2021-08-21 06:28:10,14924.03
6207445517.fit,2021-08-23 00:13:44,53084.72
6207493320.fit,2021-08-23 03:02:01,5504.19
6208898214.fit,2021-08-23 11:20:48,3959.07
6209242254.fit,2021-08-23 12:25:35,4288.43
6212866739.fit,2021-08-24 01:05:10,33837.7
6220482047.fit,2021-08-25 11:14:36,4085.83
6220975512.fit,2021-08-25 12:36:13,4463.31
6226298462.fit,2021-08-26 10:16:02,12310.66
6230073231.fit,2021-08-27 00:07:46,32835.61
6231550378.fit,2021-08-27 11:03:56,3960.8
6231880876.fit,2021-08-27 12:11:18,4105.64
6235244750.fit,2021-08-27 23:43:35,76054.01
6236385405.fit,2021-08-28 09:37:47,6995.16
6241525471.fit,2021-08-29 08:02:59,7726.62
6246768746.fit,2021-08-29 23:57:55,68067.06
6248056465.fit,2021-08-30 11:14:24,4156.02
6248527865.fit,2021-08-30 12:50:25,4382.07
6253463068.fit,2021-08-31 09:00:58,43210.99
6259229327.fit,2021-09-01 11:10:24,3925.28
6259762909.fit,2021-09-01 12:29:14,4559.82
6260298056.fit,2021-09-01 14:01:35,10053.0
6265139997.fit,2021-09-02 11:53:14,6918.21
6270524046.fit,2021-09-03 11:23:56,4163.42
6270852738.fit,2021-09-03 12:26:38,4195.16
6287867088.fit,2021-09-06 11:13:46,4667.92
6288202248.fit,2021-09-06 12:30:17,4730.33
6299652613.fit,2021-09-08 11:03:39,4193.87
6300163865.fit,2021-09-08 12:35:35,4202.56
6309504728.fit,2021-09-10 00:13:19,72370.92
6314279846.fit,2021-09-11 00:08:22,27317.45
6326810115.fit,2021-09-11 03:16:24,1787.25
6326810884.fit,2021-09-13 00:48:04,29173.97
6332208343.fit,2021-09-14 02:49:09,31743.81
6333217826.fit,2021-09-14 10:14:56,4140.89
6337753235.fit,2021-09-14 11:59:56,4219.02
6337753320.fit,2021-09-15 00:25:10,38488.56
6337801155.fit,2021-09-15 03:23:25,6148.22
6339263784.fit,2021-09-15 11:15:36,4194.8
6339678538.fit,2021-09-15 12:37:09,4055.9
6343289030.fit,2021-09-16 02:35:29,4060.07
6343432500.fit,2021-09-16 03:01:41,7262.41
6350147128.fit,2021-09-17 11:29:40,3986.32
6353636385.fit,2021-09-17 12:39:57,3920.4
6353636773.fit,2021-09-17 23:28:31,64341.76
6388761773.fit,2021-09-24 10:50:14,5096.65
6391823862.fit,2021-09-24 12:23:26,3883.83
6391824418.fit,2021-09-24 23:12:42,20544.82
6392306191.fit,2021-09-25 01:45:15,23452.99
6398200340.fit,2021-09-26 00:26:59,42499.69
6405752568.fit,2021-06-21 01:11:39,1007.87
6405755405.fit,2021-09-03 01:52:29,5252.26
6405755414.fit,2021-09-06 02:13:23,5595.33
6405759199.fit,2021-09-27 11:19:01,3020.92
6405759208.fit,2021-09-27 11:49:50,853.21
6405843679.fit,2021-09-27 12:16:29,3929.46
6406121195.fit,2021-09-27 13:22:25,4120.23
6414573841.fit,2021-09-28 09:26:05,6557.14
6415094775.fit,2021-09-29 00:41:22,66509.44
6416437673.fit,2021-09-29 11:14:48,2204.17
6416438577.fit,2021-09-29 11:30:34,1422.56
6420142749.fit,2021-09-30 00:37:55,35274.74
6420226801.fit,2021-09-30 03:17:46,6189.39
6431993268.fit,2021-10-02 12:04:36,13796.23
6435399122.fit,2021-10-03 01:49:09,19623.64
6440953751.fit,2021-10-04 00:46:28,36381.8
6445842847.fit,2021-10-05 03:31:50,4007.6
6445855138.fit,2021-10-05 04:07:12,312.4
6446900356.fit,2021-10-05 10:05:55,3786.52
6447427642.fit,2021-10-05 11:54:45,4667.62
6451163805.fit,2021-10-06 00:45:39,41024.67
6457273032.fit,2021-10-07 05:34:19,8119.64
6463446331.fit,2021-10-07 08:42:04,8209.13
6463662683.fit,2021-10-08 13:43:05,7102.25
6466634800.fit,2021-10-08 23:14:52,131129.58
6471993857.fit,2021-10-10 02:35:43,11586.32
6477719386.fit,2021-10-10 23:57:11,47540.75
6482990290.fit,2021-10-12 05:33:45,8657.1
6483389758.fit,2021-10-12 07:44:16,7874.92
6483855260.fit,2021-10-12 10:20:01,3966.55
6484248451.fit,2021-10-12 11:29:28,4458.86
6488138399.fit,2021-10-13 00:03:44,51795.0
6488323350.fit,2021-10-13 05:36:51,810.16
6488382715.fit,2021-10-13 05:40:13,6955.09
6488804226.fit,2021-10-13 08:32:27,1956.96
6488932131.fit,2021-10-13 09:08:48,5426.94
6493789848.fit,2021-10-14 05:12:22,8090.29
6493868531.fit,2021-10-14 08:05:05,8122.15
6494268841.fit,2021-10-14 10:28:28,3986.29
6494724518.fit,2021-10-14 11:52:05,4455.67
6502752921.fit,2021-10-15 23:17:42,103860.17
6513924595.fit,2021-10-17 23:56:06,41043.54
6515426843.fit,2021-10-18 12:04:11,6095.16
6515966887.fit,2021-10-18 13:35:21,12472.56
6518957712.fit,2021-10-19 05:01:55,8867.03
6519838641.fit,2021-10-19 10:18:45,5235.55
6520223603.fit,2021-10-19 11:44:38,3811.73
6520971573.fit,2021-10-19 13:44:51,8418.44
6523931465.fit,2021-10-20 00:24:32,49258.64
6524052638.fit,2021-10-20 03:27:32,6237.93
6524336202.fit,2021-10-20 05:38:15,8905.53
6524800817.fit,2021-10-20 08:19:48,8828.18
6538140321.fit,2021-10-23 00:27:30,50484.53
6539470912.fit,2021-10-23 10:14:14,4136.61
6540069053.fit,2021-10-23 11:46:47,4531.05
6543503808.fit,2021-10-24 00:07:30,63102.95
6550183525.fit,2021-10-25 10:31:33,4244.65
6550534257.fit,2021-10-25 11:50:21,3639.34
6553840802.fit,2021-10-26 00:31:19,35778.43
6559300085.fit,2021-10-27 05:15:30,10011.53
6559965923.fit,2021-10-27 08:22:59,8548.69
6563999142.fit,2021-10-28 02:24:10,4157.85
6564061362.fit,2021-10-28 03:06:22,6719.82
6564275393.fit,2021-10-28 05:18:57,8172.75
6564834138.fit,2021-10-28 09:06:21,8066.24
6568828716.fit,2021-10-29 00:51:09,33772.3
6569789254.fit,2021-10-29 10:15:37,4078.47
6570027157.fit,2021-10-29 11:28:46,0.0
6570139736.fit,2021-10-29 11:41:31,3805.76
6573555705.fit,2021-10-30 00:28:49,104808.31
6578147176.fit,2021-10-31 02:03:24,26175.22
6583516398.fit,2021-11-01 00:36:49,40740.36
6588408998.fit,2021-11-02 00:33:18,53658.22
6603150888.fit,2021-11-05 02:51:23,4064.54
6618444542.fit,2021-11-08 00:35:07,42558.85
6630237549.fit,2021-11-10 13:55:47,19056.83
6632945645.fit,2021-11-11 00:38:07,43219.17
6633131680.fit,2021-11-11 03:37:30,2475.58
6633131736.fit,2021-11-11 05:19:15,5095.43
6633852600.fit,2021-11-11 10:09:38,3166.63
6634238119.fit,2021-11-11 11:21:58,3825.28
6637738207.fit,2021-11-12 01:55:03,5014.72
6637738377.fit,2021-11-12 02:28:11,1131.25
6642005052.fit,2021-11-13 00:32:18,48602.75
6643041827.fit,2021-11-13 10:16:18,3981.16
6643456011.fit,2021-11-13 11:22:28,4144.29
6647343000.fit,2021-11-14 00:40:29,103330.76
6657046520.fit,2021-11-16 02:12:05,1999.89
6657323666.fit,2021-11-16 05:26:00,8074.32
6657715006.fit,2021-11-16 08:07:05,4977.23
6662063491.fit,2021-11-17 02:50:17,2688.72
6662304766.fit,2021-11-17 05:47:04,7748.89
6662590370.fit,2021-11-17 07:03:12,9914.42
6666831378.fit,2021-11-18 00:35:11,41683.2
6666896261.fit,2021-11-18 02:40:06,6214.67
6667101601.fit,2021-11-18 05:25:48,7878.82
6667807202.fit,2021-11-18 08:23:05,7265.33
6667808191.fit,2021-11-18 10:16:08,3041.77
6669172784.fit,2021-11-18 11:39:15,4820.14
6671298431.fit,2021-11-19 00:29:14,10044.72
6675737351.fit,2021-11-19 23:43:53,65121.55
6676685074.fit,2021-11-20 10:15:29,3854.06
6677452234.fit,2021-11-20 12:32:04,3966.25
6680495457.fit,2021-11-21 01:19:51,3006.76
6686484208.fit,2021-11-22 07:36:01,8175.96
6687183414.fit,2021-11-22 11:03:09,7546.78
6695303571.fit,2021-11-24 00:30:37,46474.16
6700766121.fit,2021-11-25 10:04:42,4005.3
6704878763.fit,2021-11-26 07:51:53,7922.48
6705552402.fit,2021-11-26 10:24:07,11588.17
6708588685.fit,2021-11-27 07:50:39,7756.94
6709365090.fit,2021-11-27 10:57:25,8571.08
6712608899.fit,2021-11-28 00:48:28,36577.9
6717914182.fit,2021-11-29 07:44:04,9071.41
6718216048.fit,2021-11-29 10:18:40,1821.8
6718361797.fit,2021-11-29 10:25:37,9604.82
6721695089.fit,2021-11-30 00:36:27,46652.28
6722571884.fit,2021-11-30 10:18:20,2978.03
6722938982.fit,2021-11-30 11:43:51,4114.85
6726327341.fit,2021-12-01 00:38:28,33444.22
6738908430.fit,2021-12-04 02:01:05,0.0
6743667157.fit,2021-12-05 02:14:10,5020.15
6757217154.fit,2021-12-08 00:50:22,39099.04
6761596339.fit,2021-12-09 00:38:13,40665.97
6761666713.fit,2021-12-09 03:12:00,5921.41
6762460659.fit,2021-12-09 10:08:23,4060.66
6762878707.fit,2021-12-09 11:50:32,6680.11
6769742441.fit,2021-12-11 00:15:26,100054.86
6788105141.fit,2021-12-15 05:53:33,10987.5
6788520412.fit,2021-12-15 09:05:41,7159.88
6792466363.fit,2021-12-16 06:55:21,7966.7
6793429977.fit,2021-12-16 12:18:22,7317.71
6796190098.fit,2021-12-17 00:02:28,39351.75
6796691302.fit,2021-12-17 07:41:20,8110.61
6797186192.fit,2021-12-17 10:19:03,7445.66
6797223748.fit,2021-12-17 11:22:58,2282.84
6799971260.fit,2021-12-18 00:40:00,35205.04
6800145151.fit,2021-12-18 02:36:10,22691.77
6800943452.fit,2021-12-18 10:13:21,4427.05
6801554828.fit,2021-12-18 11:31:16,6080.56
6804610108.fit,2021-12-19 00:49:32,60596.59
6809426773.fit,2021-12-20 02:31:50,3008.76
6809446148.fit,2021-12-20 02:51:35,956.56
6809694767.fit,2021-12-20 06:13:14,8001.28
6810042273.fit,2021-12-20 08:45:47,10695.38
6813436462.fit,2021-12-21 00:43:18,34640.41
6813530921.fit,2021-12-21 03:06:49,5878.75
6813818992.fit,2021-12-21 06:28:02,8419.54
6814174477.fit,2021-12-21 08:59:38,8162.23
6814328041.fit,2021-12-21 10:07:41,3801.71
6814684028.fit,2021-12-21 11:33:23,4022.84
6822380599.fit,2021-12-23 07:12:41,8011.69
6822663281.fit,2021-12-23 09:00:37,9496.65
6822771348.fit,2021-12-23 10:13:22,872.05
6825977249.fit,2021-12-24 01:19:57,22749.18
6826359010.fit,2021-12-24 07:33:17,8422.51
6826879912.fit,2021-12-24 10:12:07,10125.94
6830030953.fit,2021-12-25 00:27:25,90920.48
6831687527.fit,2021-12-25 13:49:43,16915.5
6833355379.fit,2021-12-26 00:06:12,105042.13
6833425275.fit,2021-12-26 04:53:43,6877.16
6838047322.fit,2021-12-27 01:53:28,2183.5
6842684673.fit,2021-12-28 00:49:12,42070.01
6852190102.fit,2021-12-30 00:41:13,35299.98
6853434079.fit,2021-12-30 11:29:04,3798.36
6853722398.fit,2021-12-30 12:29:07,4062.25
6856995455.fit,2021-12-31 00:41:33,32997.82
6857082594.fit,2021-12-31 04:33:20,3187.94
6861991121.fit,2022-01-01 02:39:03,4798.0
6862088607.fit,2022-01-01 03:52:31,5707.22
6862755887.fit,2022-01-01 10:14:33,2765.47
6865831645.fit,2022-01-01 11:20:01,7231.62
6867406257.fit,2022-01-02 00:43:12,108010.5
6873314468.fit,2022-01-03 06:06:10,1033.12
6879565484.fit,2022-01-04 10:27:43,3971.63
6880008148.fit,2022-01-04 11:38:08,7088.48
6883948061.fit,2022-01-05 01:55:30,8002.34
6884299361.fit,2022-01-05 05:36:14,4510.07
6889420957.fit,2022-01-06 03:37:50,7806.17
6889814621.fit,2022-01-06 07:32:54,8203.4
6894582260.fit,2022-01-07 01:57:17,8137.69
6896717915.fit,2022-01-07 09:54:37,8222.3
6899411171.fit,2022-01-08 00:41:25,41294.01
6899485137.fit,2022-01-08 03:11:49,7226.74
6911123021.fit,2022-01-10 02:19:41,3798.11
6916176655.fit,2022-01-11 00:52:40,32626.31
6921846682.fit,2022-01-12 00:46:29,30050.82
6927403385.fit,2022-01-13 00:22:24,37723.63
6955248905.fit,2022-01-18 00:53:52,34352.26
6967591701.fit,2022-01-20 10:17:36,4088.4
6968103325.fit,2022-01-20 11:17:04,8617.48
6968628894.fit,2022-01-20 13:54:11,5269.14
6968973505.fit,2022-01-20 14:49:08,10921.42
6971669215.fit,2022-01-21 00:00:13,28498.77
6976663625.fit,2022-01-22 00:17:44,50809.58
6976728107.fit,2022-01-22 04:39:09,5150.27
6977729937.fit,2022-01-22 10:22:48,3717.9
6978215702.fit,2022-01-22 11:27:55,4234.41
6982475478.fit,2022-01-23 00:09:17,36450.36
6982540651.fit,2022-01-23 03:37:34,5167.13
6990131869.fit,2022-01-24 10:40:36,16729.64
6994004161.fit,2022-01-25 02:08:07,4005.83
7000219446.fit,2022-01-26 00:43:15,107365.35
7006264293.fit,2022-01-27 10:31:17,3585.33
7006601242.fit,2022-01-27 11:41:01,4461.12
7011550963.fit,2022-01-28 08:55:51,37730.21
7015511576.fit,2022-01-29 06:12:09,3846.53
7015651140.fit,2022-01-29 07:17:03,4143.11
7020891304.fit,2022-01-30 01:01:38,39500.52
7027213628.fit,2022-01-31 03:39:08,2456.76
7028401321.fit,2022-01-31 10:49:52,23081.05
7032184837.fit,2022-02-01 00:41:24,34720.85
7033123025.fit,2022-02-01 09:51:16,4505.3
7053189218.fit,2022-02-05 00:53:00,33419.88
7059215949.fit,2022-02-06 00:08:09,104224.48
7069894358.fit,2022-02-08 00:26:50,35192.34
7071203107.fit,2022-02-08 10:32:54,3898.26
7071965166.fit,2022-02-08 12:17:24,6557.66
7082711556.fit,2022-02-10 10:12:24,3579.74
7084422137.fit,2022-02-10 11:58:37,5359.19
7092274218.fit,2022-02-12 01:01:32,28101.54
7098621520.fit,2022-02-12 23:38:02,117988.3
7109458627.fit,2022-02-15 04:37:57,16658.62
7110264557.fit,2022-02-15 10:18:33,4122.69
7110793403.fit,2022-02-15 11:55:24,4200.29
7125294043.fit,2022-02-18 01:50:20,8267.28
7125397950.fit,2022-02-18 03:06:59,
7125688290.fit,2022-02-18 05:39:47,8466.15
7130041043.fit,2022-02-19 02:01:56,8013.97
7130205762.fit,2022-02-19 04:58:03,11755.23
7130378415.fit,2022-02-19 06:45:34,8313.43
7148123619.fit,2022-02-22 12:37:01,4899.11
7151706021.fit,2022-02-23 01:52:38,8063.82
7152458649.fit,2022-02-23 07:37:46,8114.73
7155005723.fit,2022-02-23 13:57:42,11090.87
7157415849.fit,2022-02-24 02:05:21,8000.31
7158069744.fit,2022-02-24 07:50:44,8021.75
7158835177.fit,2022-02-24 10:19:19,3976.77
7158835262.fit,2022-02-24 11:39:18,4014.82
7162347688.fit,2022-02-25 01:56:53,7664.7
7162621065.fit,2022-02-25 05:00:42,6020.16
7162767911.fit,2022-02-25 06:36:05,4521.85
7167120007.fit,2022-02-25 23:23:18,100319.08
7167155963.fit,2022-02-26 04:17:40,5244.45
7172958229.fit,2022-02-27 03:12:55,23637.4
7178986357.fit,2022-02-28 01:57:40,7981.28
7179668439.fit,2022-02-28 07:32:27,13094.51
7184086619.fit,2022-03-01 01:55:48,8071.77
7184337998.fit,2022-03-01 04:17:23,9552.92
7184389108.fit,2022-03-01 05:17:08,3928.23
7184728904.fit,2022-03-01 06:29:16,4076.43
7189794879.fit,2022-03-02 01:55:37,10392.63
7190558806.fit,2022-03-02 07:41:22,13227.95
7197504438.fit,2022-03-03 10:23:33,4005.66
7197505050.fit,2022-03-03 11:35:14,4097.52
7200649241.fit,2022-03-04 01:56:07,8775.89
7201480942.fit,2022-03-04 08:24:49,13136.1
7205456709.fit,2022-03-05 00:02:29,52064.99
7211683839.fit,2022-03-06 04:00:41,30170.57
7217601480.fit,2022-03-07 01:15:57,8141.74
7218391484.fit,2022-03-07 08:10:51,9017.52
7223857451.fit,2022-03-08 10:16:23,3831.94
7224310433.fit,2022-03-08 11:44:11,4083.1
7235148928.fit,2022-03-10 10:37:13,3702.16
7235412738.fit,2022-03-10 11:31:51,4669.31
7244274356.fit,2022-03-12 00:46:32,46312.7
7250191410.fit,2022-03-13 03:15:44,11539.92
7262445401.fit,2022-03-15 10:20:04,4073.53
7262940164.fit,2022-03-15 11:48:09,3726.95
7267129966.fit,2022-03-16 00:15:07,52249.64
7267162467.fit,2022-03-16 04:02:35,5386.27
7282909335.fit,2022-03-19 00:18:23,48724.44
7306270057.fit,2022-03-23 00:15:38,8333.37
7341149584.fit,2022-03-28 23:08:33,101552.5
7346749187.fit,2022-03-30 00:27:15,37656.46
7372596690.fit,2022-04-03 23:59:29,52053.98
7373835584.fit,2022-04-04 11:18:50,3797.41
7374531635.fit,2022-04-04 12:17:48,4968.82
7377460124.fit,2022-04-04 23:23:37,53419.37
7383791753.fit,2022-04-06 06:12:26,34369.26
7384876035.fit,2022-04-06 12:28:32,175.0
7384877032.fit,2022-04-06 12:42:04,250.0
7390159815.fit,2022-04-07 12:34:58,100.0
7390160357.fit,2022-04-07 12:40:12,400.0
7396115585.fit,2022-04-08 11:28:33,175.0
7396115973.fit,2022-04-08 11:37:44,500.0
7397693606.fit,2022-04-09 00:48:54,7729.83
7397803352.fit,2022-04-09 01:16:19,9513.7
7397983678.fit,2022-04-09 02:03:44,14147.86
7399921859.fit,2022-04-09 11:49:28,500.0
7399922275.fit,2022-04-09 12:11:42,25.0
7403318847.fit,2022-04-10 00:49:17,400.0
7428563582.fit,2022-04-14 12:40:09,200.0
7428582333.fit,2022-04-14 12:48:42,500.0
7436875173.fit,2022-04-15 15:27:18,117065.65
7463250524.fit,2022-04-20 12:41:12,900.0
7468880831.fit,2022-04-21 12:35:35,800.0
7474481520.fit,2022-04-22 12:36:43,600.0
7474718338.fit,2022-04-22 13:21:51,4958.13
7474961578.fit,2022-04-22 14:31:01,5704.46
7477354195.fit,2022-04-22 23:51:36,37261.88
7477476048.fit,2022-04-23 01:07:32,15545.12
7477779537.fit,2022-04-23 04:18:45,8672.84
7483667529.fit,2022-04-24 01:43:08,37500.22
7483716982.fit,2022-04-24 04:43:13,6111.22
7495403067.fit,2022-04-26 03:09:02,23770.07
7496021568.fit,2022-04-26 07:27:14,8428.24
7497336463.fit,2022-04-26 12:36:41,700.0
7497362468.fit,2022-04-26 13:04:03,150.0
7503257613.fit,2022-04-27 12:32:57,400.0
7503258411.fit,2022-04-27 12:47:49,350.0
7512483182.fit,2022-04-29 00:08:56,44427.46
7512598009.fit,2022-04-29 03:19:49,5755.98
7517455324.fit,2022-04-30 00:15:19,37567.7
7517703093.fit,2022-04-30 02:59:35,6709.88
7535398533.fit,2022-05-02 23:01:20,47413.35
7535688814.fit,2022-05-03 00:47:10,3894.1
7535688877.fit,2022-05-03 01:26:50,3813.4
7541689823.fit,2022-05-03 23:31:59,28672.17
7547354455.fit,2022-05-04 22:40:13,59154.13
7558684617.fit,2022-05-06 22:40:24,122067.75
7564713512.fit,2022-05-07 23:28:54,30166.25
7576279223.fit,2022-05-09 22:52:06,28490.13
7576351999.fit,2022-05-10 00:13:52,987.05
7591001371.fit,2022-05-12 11:18:22,5017.04
7594525922.fit,2022-05-12 22:46:54,34962.01
7594588601.fit,2022-05-13 00:02:54,2065.67
7600120692.fit,2022-05-13 22:33:18,63260.92
7605967185.fit,2022-05-14 22:49:00,22020.94
7606032725.fit,2022-05-14 23:43:19,2299.32
7630434414.fit,2022-05-18 22:42:13,30042.45
7630574998.fit,2022-05-18 23:35:49,12344.04
7636217129.fit,2022-05-19 22:46:17,34550.09
7636340829.fit,2022-05-20 00:18:23,2082.06
7671098081.fit,2022-05-25 23:46:57,37661.31
7676787495.fit,2022-05-26 23:56:59,11366.25
7677142883.fit,2022-05-27 00:35:51,43021.72
7677263291.fit,2022-05-27 04:06:26,5044.73
7682251729.fit,2022-05-27 23:57:08,46542.02
7682357177.fit,2022-05-28 03:19:57,5262.58
7688224209.fit,2022-05-29 00:07:38,50277.57
7688359410.fit,2022-05-29 02:34:18,12101.65
7694422014.fit,2022-05-30 00:25:18,40953.76
7694502828.fit,2022-05-30 03:21:40,5469.28
7699908772.fit,2022-05-31 00:23:23,32246.09
7700071003.fit,2022-05-31 03:26:41,5134.46
7702555650.fit,2022-05-31 13:27:48,12806.67
7705796421.fit,2022-06-01 00:15:49,35205.06
7706071342.fit,2022-06-01 03:39:53,7324.47
7711897125.fit,2022-06-02 03:10:26,0.0
7713966633.fit,2022-06-02 11:52:15,11044.64
7722959372.fit,2022-06-04 00:35:27,47541.89
7723163401.fit,2022-06-04 03:26:20,5596.61
7737497033.fit,2022-06-06 11:37:03,10195.75
7737701221.fit,2022-06-06 13:09:08,2912.88
7758337626.fit,2022-06-10 00:01:46,52914.34
7758494510.fit,2022-06-10 03:16:11,6016.99
7763496898.fit,2022-06-10 23:31:23,38121.95
7769974856.fit,2022-06-11 23:52:14,60538.72
7770109134.fit,2022-06-12 04:34:09,5165.99
7783312297.fit,2022-06-14 10:13:13,4066.56
7783681352.fit,2022-06-14 11:34:15,1010.29
7784331239.fit,2022-06-14 12:14:08,5603.92
7787694262.fit,2022-06-14 23:34:58,11200.56
7787951692.fit,2022-06-15 00:08:55,45032.54
7788022362.fit,2022-06-15 01:28:22,8265.34
7793871131.fit,2022-06-16 00:58:01,3833.76
7794042480.fit,2022-06-16 01:50:32,5007.76
7797270595.fit,2022-06-16 15:23:18,3196.58
7805323100.fit,2022-06-17 23:33:18,100269.86
7805472887.fit,2022-06-18 03:39:41,11606.48
7811205053.fit,2022-06-19 00:03:41,28603.35
7811329074.fit,2022-06-19 02:55:14,4798.54
7835071324.fit,2022-06-23 01:21:50,4159.78
7835198553.fit,2022-06-23 02:08:15,4104.9
7845998807.fit,2022-06-25 00:52:10,47173.78
7846134749.fit,2022-06-25 03:46:22,7517.17
7858206468.fit,2022-06-27 01:00:06,6016.59
7869720762.fit,2022-06-28 23:36:15,42191.32
7869855567.fit,2022-06-29 02:03:32,5120.3
7892367130.fit,2022-07-03 00:14:22,39728.54
7892541107.fit,2022-07-03 03:55:35,5063.21
7966313882.fit,2022-07-15 14:10:40,2143.34
7975152605.fit,2022-07-17 02:06:49,10234.18
8009980083.fit,2022-07-23 00:23:14,64548.39
8019359778.fit,2022-07-24 13:57:54,1607.76
8041103442.fit,2022-07-28 01:32:59,12854.6
8052413015.fit,2022-07-30 00:42:41,35284.14
8052563129.fit,2022-07-30 03:31:18,4559.42
8058561463.fit,2022-07-31 01:43:09,3162.44
8073542040.fit,2022-08-02 13:34:07,3413.26
8073651516.fit,2022-08-02 13:57:21,870.24
8077398053.fit,2022-08-03 00:21:44,50112.1
8078619257.fit,2022-08-03 02:56:18,5212.73
8145173902.fit,2022-08-14 00:21:45,75021.79
8181772847.fit,2022-08-20 01:42:57,4016.92
8194899663.fit,2022-08-22 00:46:46,33165.22
8225946502.fit,2022-08-27 01:33:46,10128.46
8239163880.fit,2022-08-29 01:33:55,2560.18
8239225047.fit,2022-08-29 02:14:26,2328.29
8263841163.fit,2022-09-02 01:07:46,5011.83
8269628603.fit,2022-09-03 01:01:10,36762.6
8269628631.fit,2022-09-03 03:04:31,2382.18
8282645730.fit,2022-09-05 01:25:29,5011.14
8318684571.fit,2022-09-11 02:14:33,5094.95
8354426074.fit,2022-09-17 02:00:45,2370.55
8360646295.fit,2022-09-18 00:28:34,50421.74
8360688658.fit,2022-09-18 03:44:46,1656.11
8378847649.fit,2022-09-21 01:54:13,2019.26
8396007898.fit,2022-09-24 00:26:02,58785.5
8396149890.fit,2022-09-24 03:41:34,11738.11
8402265802.fit,2022-09-24 23:05:14,100771.09
8402365255.fit,2022-09-25 05:19:13,4937.15
8435502924.fit,2022-10-01 01:11:07,2709.89
8435570435.fit,2022-10-01 01:31:44,2304.09
8459601633.fit,2022-10-05 00:29:30,31166.53
8471123620.fit,2022-10-07 01:48:04,11543.19
8482380230.fit,2022-10-09 00:06:22,60467.21
8482583944.fit,2022-10-09 03:56:41,6018.78
8494589726.fit,2022-10-11 02:15:14,3027.42
8500506826.fit,2022-10-12 01:20:06,5016.96
8500533921.fit,2022-10-12 01:54:58,1190.36
8523146029.fit,2022-10-16 01:26:23,10037.0
8542041767.fit,2022-10-19 00:33:27,709.83
8542042242.fit,2022-10-19 00:35:22,40301.3
8542155655.fit,2022-10-19 03:11:41,6094.79
8547912502.fit,2022-10-20 02:16:10,4862.72
8554368722.fit,2022-10-21 09:24:26,5036.85
8557795582.fit,2022-10-22 01:14:30,12031.38
8563961357.fit,2022-10-23 02:33:37,4481.92
8575356799.fit,2022-10-25 00:24:06,40030.18
8575462616.fit,2022-10-25 03:06:44,5067.66
8597696143.fit,2022-10-28 23:47:13,62438.51
8597813678.fit,2022-10-29 03:47:10,5835.26
8603576682.fit,2022-10-30 01:27:33,2135.14
8603592243.fit,2022-10-30 01:44:39,413.57
8603610246.fit,2022-10-30 01:52:21,1049.13
8610396468.fit,2022-10-31 01:30:25,3758.05
8637709734.fit,2022-11-04 23:26:14,101437.5
8637709792.fit,2022-11-05 04:17:29,7021.51
8649787504.fit,2022-11-07 00:37:20,10303.28
8676849385.fit,2022-11-12 01:14:52,13030.74
8676849571.fit,2022-11-12 03:06:55,1136.95
8682734046.fit,2022-11-13 02:20:46,4105.11
8731493488.fit,2022-11-22 11:32:24,5006.34
8739902511.fit,2022-11-24 00:55:35,3007.99
8755187792.fit,2022-11-26 23:46:13,21418.48
8760682195.fit,2022-11-28 01:06:22,5088.93
8784650368.fit,2022-12-03 00:28:47,66356.51
8784760373.fit,2022-12-03 04:41:57,7039.31
8818574766.fit,2022-12-10 00:41:43,5521.85
8828405754.fit,2022-12-12 01:22:23,5020.12
8845559810.fit,2022-12-16 01:30:58,5026.47
8867515613.fit,2022-12-21 01:08:58,22527.02
8867628114.fit,2022-12-21 03:28:55,4015.22
8879901833.fit,2022-12-24 00:48:48,25556.47
9044701178.fit,2023-01-22 00:46:21,42303.01
9044838272.fit,2023-01-22 03:32:41,7027.98
9080073356.fit,2023-01-28 00:26:10,41531.63
9080185372.fit,2023-01-28 03:14:20,5035.79
9105153245.fit,2023-02-01 00:38:56,34056.71
9155725249.fit,2023-02-09 01:02:13,46707.28
9155887427.fit,2023-02-09 03:10:19,10203.01
9198633068.fit,2023-02-16 00:30:55,675.73
9199108165.fit,2023-02-16 00:32:49,43743.26
9240338409.fit,2023-02-23 02:21:09,3999.16
9256849404.fit,2023-02-26 02:16:14,4199.09
9274418332.fit,2023-03-01 00:45:27,39553.08
9274508351.fit,2023-03-01 02:58:39,4277.66
9280389952.fit,2023-03-02 03:03:52,3224.48
9297656310.fit,2023-03-04 23:50:52,57639.23
9304435703.fit,2023-03-06 01:11:59,5441.52
9321539259.fit,2023-03-09 02:56:42,1961.06
9337692467.fit,2023-03-12 00:52:22,8520.79
9344266097.fit,2023-03-13 02:29:27,1001.26
9378917937.fit,2023-03-19 00:33:50,55152.58
9385394574.fit,2023-03-20 02:27:40,5007.81
9397166426.fit,2023-03-22 00:49:36,28003.66
9397259943.fit,2023-03-22 02:42:21,7118.89
9409091348.fit,2023-03-24 02:39:43,2798.21
9416955884.fit,2023-03-25 12:52:38,4532.12
9426780286.fit,2023-03-27 01:20:29,5011.78
9432347581.fit,2023-03-28 02:00:59,2004.58
9438572072.fit,2023-03-29 00:47:43,41155.01
9469666390.fit,2023-04-03 11:58:21,5432.92
9473516579.fit,2023-04-04 01:21:13,31062.83
9479985488.fit,2023-04-05 00:58:37,32504.97
9497265960.fit,2023-04-08 00:23:01,17200.07
9520930818.fit,2023-04-11 13:06:47,1221.76
9530033123.fit,2023-04-13 01:09:20,4400.96
9536098736.fit,2023-04-14 03:26:11,125.0
9541352967.fit,2023-04-15 00:57:16,9410.55
9556993614.fit,2023-04-17 12:41:20,4529.17
9567440471.fit,2023-04-19 01:16:59,3374.75
9573403781.fit,2023-04-20 00:45:19,2035.63
9604777935.fit,2023-04-25 01:10:23,3507.51
9617908911.fit,2023-04-27 00:32:44,2511.83
9617909737.fit,2023-04-27 02:07:03,2520.06
9629370568.fit,2023-04-29 01:35:15,4017.7
9636178173.fit,2023-04-30 02:36:23,200.0
9636187640.fit,2023-04-30 02:44:00,400.0
9636187745.fit,2023-04-30 03:00:31,50.0
9649697908.fit,2023-05-02 01:29:02,3034.19
9656109570.fit,2023-05-03 01:10:55,7518.21
9669508254.fit,2023-05-05 00:28:52,30559.23
9714598858.fit,2023-05-11 23:25:31,42336.23
9759711525.fit,2023-05-19 00:23:03,46040.81
9835340482.fit,2023-05-30 01:37:53,22341.03
9841880448.fit,2023-05-30 23:55:31,33016.69
9875793487.fit,2023-06-05 02:42:01,
9881919192.fit,2023-06-06 01:18:26,3315.14
9889051481.fit,2023-06-07 02:41:53,
9895374498.fit,2023-06-07 23:49:20,30097.81
9922012593.fit,2023-06-11 23:41:26,14817.59
9922232645.fit,2023-06-12 01:35:16,
9928420688.fit,2023-06-13 01:06:02,5008.36
9948408081.fit,2023-06-16 01:32:13,75.0
9948497935.fit,2023-06-16 01:34:41,175.0
9948498446.fit,2023-06-16 01:42:23,600.0
9967999356.fit,2023-06-18 23:46:07,36165.1
9968088576.fit,2023-06-19 01:52:28,
9981530794.fit,2023-06-21 00:10:04,50112.19
9981575250.fit,2023-06-21 02:52:57,2364.68
9996175336.fit,2023-06-23 10:32:29,900.0
